50060,0.020356044,1263.124266,,
50060,0.025894466,2489.328159,,
50060,0.032349595,4793.884508,,
50060,0.041234255,9334.953393,,
50060,0.064542124,29771.60056,,
50060,0.101458687,82389.7111,,
50060,0.127064684,134853.1803,,
50060,0.157499899,215229.2109,,
63110,0.015704188,867.7846812,,
63110,0.01985106,1750.638726,,
63110,0.063800545,37070.67676,,
63110,0.101360631,104556.3877,,
79400,0.01240965,613.3331886,,
79400,0.015691959,1231.891143,,
79400,0.01987529,2422.11403,,
79400,0.025199617,4652.158191,,
79400,0.195960424,618295.1581,,
99970,0.019817012,3305.615442,,
99970,0.05026812,38042.3521,,
99970,0.063343637,66474.66829,,
125920,0.06305376,95063.8114,,
125920,0.077745442,155140.3404,,
125920,0.097749824,262291.1319,,
158480,0.031375586,22675.86842,,
158480,0.03938429,41262.35611,,
158480,0.049713349,77084.35612,,
158480,0.061420186,128730.5608,,
158480,0.098478405,394415.8257,,
199510,0.015577736,5132.352822,,
199510,0.031278706,33663.52922,,
199520,0.03935705,63988.30781,,
251180,0.013264413,5524.926302,,
251180,0.012368818,4675.246791,,
251190,0.031115559,54670.72044,,
316240,0.030682285,87209.18025,,
398110,0.024284453,84199.51873,,
398110,0.030516696,152249.3621,,
79440,0.016147859,2851.166186,,
125950,0.032214513,47898.10368,,
125950,0.079848483,484412.0757,,
158710,0.063880989,506018.6178,,
199190,0.020146174,53090.04865,,
199180,0.025209795,91144.59079,,
199180,0.050074173,532916.6501,,
251270,0.016095186,58273.98747,,
251270,0.031964336,322945.4622,,
251280,0.062954822,2170543.358,,
316450,0.012813366,67575.04468,,
396810,0.013032918,137077.1887,,
396820,0.016410015,242483.5954,,
396810,0.025709756,781246.2809,,
63100,0.099685619,113771.4505,,
79440,0.031567009,10145.82897,,
79440,0.039852249,18312.63493,,
79440,0.125640771,277643.2897,,
99940,0.019750648,4446.760248,,
125950,0.02512582,12514.52781,,
125940,0.031835173,22390.68622,,
125950,0.079138217,214720.1363,,
158710,0.020015607,12285.44496,,
158710,0.025405927,21727.74018,,
158710,0.031703243,38448.85074,,
158710,0.158135436,2079267.762,,
199180,0.012645255,7285.784198,,
199190,0.015912085,12562.88164,,
199190,0.03163319,66681.6535,,
199180,0.06327735,373695.0474,,
251270,0.020053085,37745.258,,
251270,0.063445253,705731.4727,,
316450,0.025294412,129837.3156,,
316450,0.050607369,767417.2094,,
316440,0.063172,1397612.113,,
316450,0.07968837,2677120.74,,
396810,0.010094282,26872.50293,,
396810,0.019847601,133282.3114,,
396810,0.024994671,236237.6853,,
396820,0.049536152,1498094.95,,
50150,0.062808503,23798.7572,,
50150,0.078152225,40318.81701,,
63130,0.099944062,97952.94799,,
63140,0.125235485,161450.5723,,
63130,0.314304565,1258341.427,,
79440,0.039791951,15491.68319,,
79440,0.04968135,26733.91157,,
79440,0.099708898,138873.1039,,
79440,0.15815433,385790.5443,,
99940,0.031711032,12614.73279,,
99940,0.063242868,67523.46665,,
125940,0.031496212,17977.73259,,
125940,0.039582217,31401.99801,,
125940,0.079020681,172002.8034,,
125940,0.199646641,1494709.089,,
125940,0.24875159,2626610.035,,
125940,0.314335959,4843407.688,,
158710,0.031564454,27524.93347,,
158710,0.040244746,49888.74871,,
158710,0.099976207,467858.7031,,
199190,0.031976258,46831.02221,,
199190,0.039763585,82555.17803,,
199180,0.079200032,448356.7706,,
251260,0.050272301,252006.9183,,
316450,0.020062935,48983.82236,,
316450,0.031354491,143894.4881,,
316450,0.062590124,837071.2398,,
396820,0.039853856,490586.1035,,
396820,0.063324694,1741263.029,,
396820,0.078912419,3408115.626,,
50080,0.062698485,22476.64049,,
50080,0.078515841,38806.50545,,
50080,0.249010532,510638.0431,,
50080,0.31387139,854516.2037,,
63150,0.049799084,18753.82476,,
63150,0.078367434,54672.38941,,
63150,0.156914103,251342.5964,,
79440,0.062500934,44100.17739,,
79440,0.099036184,125581.5582,,
99940,0.031484841,11348.58142,,
99940,0.04978254,35271.51908,,
99940,0.062939705,61756.08872,,
99940,0.099185114,178479.8707,,
125960,0.025120061,9226.389728,,
125960,0.05019455,51436.64462,,
125960,0.15758156,750780.1636,,
125960,0.199150155,1295063.27,,
158710,0.03139154,24108.31681,,
158720,0.039932418,43467.07713,,
158720,0.062667323,134667.5586,,
158720,0.125202526,690609.9939,,
199190,0.015896562,7478.728791,,
199180,0.019955393,12835.1182,,
199190,0.049903811,123129.3591,,
199190,0.12567327,1149926.755,,
251250,0.025259828,38462.13032,,
251250,0.063130857,367274.1897,,
251250,0.099906163,1160653.416,,
316460,0.010027598,8190.96039,,
316460,0.020040406,39730.52788,,
396820,0.015900396,42508.70235,,
396820,0.019952873,72423.35288,,
396830,0.031380084,214948.9747,,
49990,0.311070183,827958.4167,,
63150,0.099145219,89560.81179,,
63150,0.124826262,147165.1027,,
63150,0.248648887,677896.0521,,
79440,0.049798834,25003.16832,,
79440,0.099069901,122285.1695,,
79440,0.197588951,561127.0534,,
79440,0.313910137,1608272.878,,
99940,0.03963457,19743.59324,,
125970,0.09931596,253516.1134,,
125970,0.314086317,3728919.534,,
158720,0.039839895,42033.11152,,
158720,0.049924741,74254.60286,,
158720,0.078946072,225970.1103,,
158720,0.157865733,1138723.068,,
199180,0.039839617,67193.28328,,
199180,0.049886796,116555.9729,,
199180,0.062937096,208186.2033,,
199180,0.158490877,1957908.865,,
199180,0.198796791,3529992.358,,
251240,0.015903903,12470.28931,,
251240,0.019912929,21173.54443,,
251240,0.039573782,112739.6402,,
251240,0.049831592,201281.0198,,
251240,0.099553578,1093388.355,,
251240,0.125584926,2003950.595,,
316460,0.010075709,8203.625248,,
316460,0.031415287,114328.1775,,
316460,0.049645865,351022.6501,,
396830,0.012595614,24035.876,,
396830,0.049851455,649099.3324,,
50080,0.078063748,38596.30471,,
50070,0.09837498,65728.97992,,
50080,0.248075485,508824.9395,,
63150,0.098780743,92084.45671,,
63150,0.311257954,1166079.645,,
79440,0.03929099,14538.98582,,
79440,0.078518348,75575.46016,,
79440,0.24754874,985347.2326,,
99940,0.062596799,62576.12228,,
99940,0.098444826,178424.951,,
125960,0.099032282,265420.892,,
158710,0.062218768,136893.4707,,
199180,0.098949432,669336.2114,,
199180,0.196685662,3829071.815,,
251250,0.015724923,13517.18304,,
251250,0.019792214,23127.58704,,
251250,0.025123226,40224.92117,,
251250,0.099369624,1177728.342,,
316460,0.012468903,14375.52845,,
316460,0.019839001,41248.61715,,
396820,0.024780519,127598.5762,,
396820,0.031241087,223428.0087,,
396820,0.07859384,2502495.201,,
50140,0.061966086,23617.08951,,
50140,0.077271413,39733.81031,,
50140,0.097125743,67640.28465,,
50140,0.195392763,322894.6097,,
50140,0.310079178,900883.9873,,
63140,0.077555171,58506.44737,,
79440,0.078359001,83588.73129,,
79430,0.09818035,139788.8418,,
79440,0.156324303,393419.9815,,
79440,0.196214005,658189.551,,
99940,0.031170627,12943.82935,,
99940,0.038808269,21958.61848,,
125940,0.030888503,18645.79122,,
125940,0.098761052,301574.3998,,
158720,0.019673799,9741.117545,,
158710,0.06178886,158456.7119,,
158710,0.078182872,275093.9133,,
158710,0.098151633,476153.4681,,
158710,0.156002658,1452264.614,,
158710,0.194917634,2539927.013,,
199180,0.01572784,9662.344288,,
199180,0.024656375,27667.87706,,
199180,0.039170867,85322.89156,,
199180,0.124457124,1460174.187,,
251260,0.039285675,147139.7008,,
251260,0.123638274,2760429.408,,
316450,0.015475921,29584.42644,,
316460,0.03088187,150868.1855,,
396820,0.019732757,96734.30144,,
396820,0.062428502,1714913.417,,
396820,0.077893171,3467363.327,,
63100,0.030299519,7227.7442,,
63100,0.154643684,325003.5786,,
79440,0.024125497,5986.2182,,
99940,0.024335766,8805.336073,,
99940,0.030820656,15625.07006,,
99940,0.038983286,28064.77033,,
125940,0.015191147,4616.818538,,
125950,0.04889388,78253.56468,,
158710,0.038978009,74850.08289,,
158710,0.077978388,401440.6923,,
199180,0.019608738,24583.44142,,
199180,0.030984045,74189.37373,,
251270,0.012348165,15117.79072,,
251270,0.031069045,132016.7938,,
251270,0.03901146,234010.6823,,
251270,0.062052781,752821.8313,,
316450,0.009865471,16820.39111,,
316450,0.015613768,49058.6488,,
316450,0.019676932,81964.4944,,
316450,0.039300231,446619.7229,,
316450,0.078025957,2924920.417,,
396810,0.012248032,55211.44235,,
396820,0.019401983,158988.1295,,
125950,0.015441234,10982.46916,,
125950,0.097921532,1004495.514,,
125950,0.123445291,1849712.228,,
158710,0.014999118,19831.94586,,
158710,0.075921895,1054567.317,,
199180,0.019427547,66039.294,,
199180,0.060994895,1159610.599,,
251270,0.024469039,222476.7222,,
251270,0.038323234,714292.4723,,
316440,0.015397777,145850.0936,,
316450,0.030520164,811285.7125,,
396810,0.012424622,166922.0837,,
63070,0.031313461,7109.966052,,
79480,0.031553878,9938.042493,,
79480,0.062368988,54406.1652,,
79480,0.078742701,93403.04038,,
79480,0.124164921,267043.2583,,
99990,0.098704705,231933.9272,,
125950,0.078630885,216107.7621,,
158720,0.012698015,3983.98946,,
158720,0.031492527,36974.69277,,
158720,0.039746417,65750.08397,,
158720,0.062682943,205304.3915,,
158720,0.098431744,623762.7583,,
158720,0.123897315,1100387.489,,
199190,0.015854117,11608.64673,,
251270,0.019856071,36956.87544,,
251270,0.031179333,113763.9,,
251270,0.078078127,1159580.937,,
251270,0.09894491,2171917.78,,
316440,0.012464311,23564.4793,,
316440,0.039490406,379021.5108,,
316440,0.049025904,673028.5608,,
396810,0.019855755,133440.1567,,
396810,0.049460836,1370682.938,,
50170,0.048905398,13786.2168,,
50170,0.098003449,71344.22226,,
50170,0.15625973,200603.3944,,
63110,0.049498121,20405.70589,,
63110,0.124524666,165987.9796,,
63110,0.156563413,277152.9955,,
79470,0.049499969,28315.71199,,
99980,0.024649294,7066.715192,,
99980,0.062193051,69896.00887,,
99980,0.19776098,990594.2615,,
125940,0.031405889,18346.15101,,
125940,0.039313597,32485.02812,,
125940,0.062652985,104189.2445,,
125940,0.156931919,900312.6808,,
125930,0.194884793,1528715.491,,
125940,0.247044504,2712140.24,,
158720,0.015631051,5266.23609,,
158720,0.039236324,51686.27606,,
158720,0.049767328,92830.60745,,
158720,0.062651715,163908.0268,,
158720,0.196698318,2656224.733,,
199200,0.015839221,8914.127629,,
199190,0.025004545,27061.79872,,
199200,0.062537843,268924.5383,,
199190,0.078886673,469484.9717,,
199190,0.099383628,834359.7118,,
199190,0.15653797,2685352.725,,
251270,0.009928946,5389.219834,,
251270,0.01263228,9236.103011,,
251270,0.03152221,83440.63515,,
251270,0.062766223,466988.0211,,
251270,0.124365863,2828335.436,,
316450,0.010062344,9979.923223,,
316450,0.078004511,1598055.302,,
396820,0.019872794,91434.05626,,
396820,0.078105685,3316130.745,,
50120,0.062574596,25087.91733,,
50120,0.078509947,42915.31469,,
50120,0.124295237,119071.696,,
50120,0.196259289,329961.8787,,
50120,0.247036244,544195.7987,,
63130,0.0386703,11178.75333,,
63130,0.062411381,35908.90297,,
63130,0.196641312,454539.3131,,
99970,0.024490972,6711.337279,,
99970,0.049220591,38643.08898,,
99970,0.156823336,562937.1715,,
99970,0.311157796,2741943.953,,
125950,0.019447037,5396.514288,,
125950,0.025055141,10439.71634,,
125950,0.062497746,101656.0535,,
158720,0.01549908,4775.610995,,
158720,0.062477183,155154.4717,,
158720,0.099045985,466921.3639,,
199190,0.01234936,4563.456883,,
199190,0.01587024,8385.309222,,
199190,0.099231821,756242.6009,,
251260,0.012664139,8482.222487,,
251260,0.031458177,76572.07234,,
251260,0.049789838,239311.2195,,
251260,0.124296858,2452083.555,,
316450,0.012571009,14941.71829,,
316460,0.01571017,24854.28373,,
316450,0.078586926,1370162.285,,
316460,0.098171289,2597264.387,,
396820,0.012596995,26666.09329,,
396820,0.0250092,139154.6869,,
396820,0.031568726,247334.7642,,
396820,0.062931146,1478067.348,,
50030,0.049227327,14481.1282,,
50030,0.157926642,215808.6667,,
50030,0.250183141,585761.0309,,
50030,0.314608081,973359.8961,,
63150,0.050401421,23080.10952,,
63150,0.199058182,490525.2815,,
79460,0.050121487,30860.21428,,
79460,0.100094404,151534.933,,
79460,0.158611732,414562.0439,,
79460,0.317095573,1946534.33,,
99970,0.032017048,14134.3759,,
99970,0.126064187,355829.3118,,
99970,0.316043609,2927780.444,,
125960,0.031864056,19896.44106,,
125960,0.126173543,532141.8475,,
158720,0.015690212,5109.374108,,
158720,0.126238113,838155.2298,,
199190,0.025138976,26497.32053,,
251240,0.025544938,46100.00624,,
251250,0.040198878,142482.6191,,
251250,0.050643937,253243.3249,,
316460,0.012751477,15580.17115,,
316460,0.015915524,25989.29255,,
316460,0.025404151,80435.36013,,
396820,0.012662719,27606.5252,,
396820,0.020184844,82299.2272,,
396820,0.031661591,253584.892,,
396820,0.050164444,824365.9023,,
396820,0.063310342,1521170.054,,
396820,0.079398337,2977554.318,,
50020,0.048658974,13061.49911,,
50020,0.124115806,117796.7691,,
63150,0.038730455,11055.03022,,
63150,0.124451839,165658.8609,,
79450,0.030778264,8578.260813,,
79450,0.062037205,47711.15418,,
79450,0.099105727,141098.6534,,
79450,0.156975114,384905.088,,
79450,0.249586332,1090579.534,,
99960,0.024471055,6666.849469,,
99960,0.049287173,38482.3839,,
99960,0.198335406,951183.0019,,
99960,0.249893836,1612499.514,,
125970,0.019471044,5393.873288,,
125970,0.031491689,18465.1154,,
125970,0.039314698,31709.77114,,
125970,0.049831311,57132.63979,,
125970,0.078941144,174296.684,,
158720,0.019922134,9026.966326,,
158720,0.039577138,49128.9706,,
158720,0.062567129,154369.2751,,
158720,0.078806182,268097.0122,,
158720,0.196846687,2402705.752,,
199190,0.012377895,4578.300831,,
199190,0.078940339,440007.5931,,
251250,0.012695681,8529.773919,,
251240,0.019946684,24575.83612,,
251240,0.050057601,240250.3128,,
251240,0.124981619,2468543.239,,
316460,0.019916072,43850.70376,,
316460,0.031401447,133346.4809,,
316460,0.049493357,416601.0877,,
316460,0.098391335,2605708.135,,
396820,0.015992472,46884.28257,,
396830,0.019961978,79798.88999,,
396820,0.039624934,435188.2318,,
396820,0.050094736,801283.5656,,
396820,0.078716143,2887634.745,,
50090,0.048529155,13339.67508,,
50090,0.061823958,23980.65802,,
50100,0.196547389,330101.0263,,
63140,0.038452612,11256.96463,,
63150,0.077515229,58378.73914,,
63140,0.310783651,1286194.753,,
79440,0.049048692,27990.60201,,
79450,0.077669792,84044.35011,,
99950,0.039076989,22198.12099,,
99950,0.048982941,38929.75711,,
99950,0.098633657,205012.4523,,
99950,0.156080654,579799.0358,,
125960,0.031023398,18485.62947,,
125960,0.061890666,103307.4202,,
125960,0.078214863,179933.2964,,
125960,0.09785293,308152.3412,,
125960,0.156181088,905046.89,,
158710,0.015419659,5243.253632,,
158710,0.019612881,9324.54803,,
158710,0.049224468,92298.62813,,
158710,0.07784103,284549.5915,,
158710,0.195397921,2668251.246,,
199190,0.031015356,48569.63521,,
199180,0.061954635,269901.7959,,
199190,0.12242535,1462365.849,,
199180,0.155541609,2700069.805,,
251250,0.012456879,9245.263072,,
316460,0.009923134,9987.506265,,
316460,0.031294731,152563.8081,,
396830,0.012441283,31049.74828,,
396830,0.015511936,52131.05618,,
396820,0.019619735,91655.25046,,
396820,0.039089748,505029.3574,,
63130,0.038797745,12284.86705,,
63130,0.07747106,64353.31933,,
63130,0.154709705,303239.5736,,
63130,0.304956428,1437924.986,,
79440,0.077568558,92898.83869,,
79440,0.192463403,765808.5236,,
99950,0.024520284,7961.011347,,
99950,0.030630582,13699.15543,,
99950,0.03857315,25295.99439,,
99940,0.061644374,78789.60685,,
125940,0.038939402,40115.53288,,
125940,0.061150257,124491.3252,,
125940,0.077723675,218492.4902,,
125940,0.098057109,375620.9161,,
125940,0.153171325,1121131.681,,
125940,0.19516576,2010884.871,,
158710,0.015371427,6719.224754,,
158710,0.019238252,11516.2101,,
158710,0.030675402,36603.3801,,
158710,0.038652593,64913.74185,,
158710,0.048155438,114796.6302,,
158710,0.06118182,203763.4965,,
158710,0.095692232,619829.2349,,
158710,0.120576051,1091885.228,,
158710,0.153509612,1986835.468,,
199190,0.015395713,11708.82861,,
199190,0.024477079,36087.70015,,
251260,0.049084121,362619.9159,,
316450,0.009720741,13775.71488,,
316460,0.012204507,23847.54742,,
316450,0.019430637,69884.63151,,
396820,0.012372936,44908.16245,,
396820,0.024629886,232486.9148,,
396820,0.038488847,741073.5508,,
396820,0.048425796,1382118.437,,
50180,0.038194923,7536.284132,,
50180,0.048960447,13793.99437,,
50180,0.062214713,24810.53161,,
50170,0.244923114,550310.3133,,
63100,0.030378793,6343.261156,,
63110,0.061986037,34877.78444,,
63110,0.247016636,777188.0981,,
79510,0.06138107,48422.93087,,
79500,0.122335609,231784.6269,,
79500,0.307756537,1925810.303,,
100010,0.024689962,7158.476976,,
100010,0.039194858,22626.11821,,
100010,0.062196326,70655.86317,,
100010,0.156374391,597148.7317,,
125920,0.015336447,3386.396132,,
125930,0.019687268,6185.215695,,
125930,0.025035973,11166.75181,,
125920,0.062507887,108821.5866,,
125930,0.194945256,1636795.527,,
158730,0.012200477,3240.294362,,
158730,0.01567701,5708.348972,,
158730,0.019936861,10247.89789,,
158740,0.039410115,56051.507,,
158730,0.061608583,172486.4589,,
158730,0.098886584,527085.7851,,
199210,0.024630973,29734.43691,,
199210,0.078580472,514326.269,,
199210,0.097274129,897157.2807,,
199210,0.123165135,1611937.642,,
251270,0.031411649,94457.19071,,
251270,0.049356918,291360.1375,,
316450,0.012557523,19149.27856,,
316450,0.015556577,32056.64317,,
316450,0.019765393,56004.38423,,
396820,0.015789921,61159.68572,,
50140,0.098143206,75017.0559,,
63120,0.038477907,11770.28239,,
63120,0.048746816,20928.51656,,
63120,0.122814451,172146.5427,,
79490,0.030660514,9368.33261,,
79490,0.062041947,51417.31202,,
79490,0.077943549,88483.33915,,
79490,0.308626846,2018162.568,,
100000,0.019494948,4111.580886,,
100000,0.039160852,23982.21837,,
100000,0.04938527,42526.62653,,
99990,0.24539469,1822800.203,,
100000,0.310088902,3223956.056,,
125940,0.015489509,3484.685349,,
125940,0.078231899,196477.2396,,
125940,0.156253135,993427.8596,,
158730,0.012323754,3293.713356,,
158730,0.015424838,5701.432319,,
158730,0.031249933,32338.91191,,
158730,0.039107922,57363.49439,,
158730,0.049177114,102076.8469,,
158730,0.062118746,180520.1413,,
158730,0.124130013,956853.0428,,
158730,0.195792761,3041446.662,,
199200,0.015543037,9856.027847,,
199200,0.019714659,17455.95958,,
199200,0.15554443,3128565.993,,
251260,0.009824769,6069.753806,,
251260,0.012424527,10379.53937,,
251260,0.07884711,961923.8515,,
316450,0.019702575,56441.52882,,
316450,0.062398352,1007658.673,,
316450,0.098173042,3608938.272,,
396820,0.019593571,105293.9584,,
396820,0.024777401,186083.0798,,
396820,0.030999317,324172.6542,,
50070,0.03924771,9117.145542,,
50070,0.063624713,30772.27473,,
63140,0.25252589,961195.1794,,
63140,0.316435304,1602157.786,,
79480,0.040222578,20915.41242,,
79480,0.079553872,106555.7718,,
79480,0.1259948,296616.3479,,
79480,0.159312729,502906.7168,,
99980,0.019796126,5021.805209,,
99980,0.200140076,1300531.987,,
125950,0.031882882,25569.10309,,
125950,0.039909076,44898.84967,,
125950,0.063612204,141599.8499,,
125940,0.100650317,412237.198,,
158730,0.012570229,4089.823774,,
158730,0.025426802,23121.77338,,
158730,0.080147995,396751.2603,,
199200,0.020212205,21925.34722,,
199200,0.025288928,38393.01812,,
199200,0.040181305,122147.1737,,
199200,0.080052207,665371.9447,,
199200,0.126581292,2122715.569,,
251250,0.010248592,7606.271936,,
251250,0.012924345,13145.93531,,
251250,0.025617804,67625.94965,,
251250,0.040174113,211802.9728,,
251250,0.050884149,374841.7773,,
251250,0.064020529,677653.5741,,
316450,0.01271777,23360.9823,,
316450,0.0200949,68667.29476,,
316450,0.031506089,213643.587,,
316450,0.079333977,2395498.218,,
396820,0.010285624,25548.05326,,
396820,0.050845233,1382301.381,,
50070,0.099292811,73816.85435,,
50070,0.15674941,205001.62,,
63150,0.062437175,36438.64978,,
63150,0.248522739,813560.3439,,
79470,0.062735607,51270.72992,,
79460,0.099037253,148175.5287,,
79470,0.197937802,706933.6901,,
99970,0.031073064,13245.08527,,
99970,0.247613051,1827248.521,,
99970,0.312037814,3227879.983,,
125960,0.019524074,6182.226599,,
125960,0.031395327,20021.86411,,
125960,0.062551595,112079.8786,,
125960,0.078958939,196198.6201,,
125960,0.098886622,338851.7426,,
125960,0.157514162,994958.5094,,
158720,0.039323774,57897.80425,,
158720,0.062748032,181019.9874,,
158720,0.125189531,959593.7756,,
158720,0.197018777,3061000.09,,
199190,0.009898227,3332.262348,,
199190,0.012397377,5734.915982,,
199190,0.015657873,9820.909208,,
199190,0.02514693,30756.74868,,
199190,0.03125443,54307.93284,,
199190,0.156337139,3132808.004,,
251250,0.01250544,10419.16562,,
251250,0.015954338,18145.47523,,
251250,0.020123335,31477.98813,,
251250,0.079324379,961745.8139,,
251240,0.124695559,3305778.925,,
316460,0.012612395,19226.9382,,
316460,0.015920334,33177.60357,,
316460,0.024988007,99216.14578,,
316460,0.031497303,175775.2394,,
316460,0.049846144,560783.276,,
396820,0.009997637,21126.78647,,
396820,0.012628763,36250.36705,,
396820,0.031109278,324296.4951,,
396820,0.039389108,595150.0155,,
396820,0.077783412,4062199.015,,
63150,0.030130066,6158.931553,,
63150,0.049392093,20415.29599,,
63150,0.061843099,34367.85758,,
63150,0.097751657,99176.41562,,
63150,0.123163998,162581.9777,,
63150,0.154117174,272147.3453,,
79450,0.023971229,4753.406095,,
79450,0.061510526,47947.20511,,
79450,0.15592365,397880.162,,
79450,0.196450831,671228.7597,,
79450,0.243198254,1120619.26,,
125960,0.015163938,3393.721663,,
125970,0.024921738,11246.78298,,
125960,0.049230577,62284.09319,,
125960,0.077532889,187185.1534,,
158720,0.012011334,3190.169454,,
158720,0.024683425,17671.48657,,
158720,0.049092474,98533.8345,,
158720,0.077891968,300768.4469,,
199190,0.012359073,5745.297602,,
199190,0.019768109,17338.87098,,
199190,0.03108171,53606.65785,,
199190,0.048952626,166276.7234,,
199190,0.062205252,293365.6563,,
251250,0.009849134,6172.11943,,
251250,0.024666343,53850.48261,,
251240,0.062142669,525101.0877,,
316460,0.019548099,56399.2081,,
316460,0.02464211,98749.00545,,
396820,0.031168727,326193.6552,,
50140,0.030828056,4650.463186,,
50140,0.03886414,8768.045718,,
50140,0.048195583,14890.16123,,
50130,0.097045003,79653.7565,,
50140,0.193210435,372325.189,,
50140,0.309515377,1054148.291,,
63140,0.049298832,23393.04727,,
63140,0.097816796,115770.7081,,
63140,0.194888508,543373.1161,,
79520,0.019561844,3292.538739,,
79520,0.030573678,10205.6801,,
79520,0.039183233,18959.18578,,
79520,0.07772444,99796.28663,,
79520,0.09772631,168318.7129,,
100020,0.015547139,2766.973439,,
100020,0.031184884,15770.92488,,
100020,0.061778815,86715.20908,,
100020,0.077833684,149985.2751,,
125930,0.024724746,14258.11427,,
125930,0.049137399,78794.42791,,
158740,0.012369271,4561.980948,,
199210,0.061811094,405733.0829,,
199210,0.078210621,713776.4301,,
199210,0.097019198,1284322.779,,
251260,0.009807049,8515.225967,,
251260,0.024792167,76199.12314,,
251260,0.038990948,233642.6348,,
251260,0.04924918,421132.2513,,
316450,0.012476501,27387.11316,,
316450,0.019523718,81556.30951,,
316450,0.024605869,142749.3612,,
396820,0.010064443,31332.73286,,
396820,0.031261626,494737.9739,,
396820,0.048992016,1662922.07,,
50090,0.254672835,866107.2947,,
63140,0.100668945,164390.8277,,
63140,0.201125877,776724.1017,,
79490,0.025522929,8941.532456,,
79490,0.050661831,49462.30661,,
79490,0.160649466,722911.7703,,
79490,0.201340727,1219076.145,,
99990,0.020294698,7792.528124,,
100000,0.063851014,135216.3083,,
99990,0.080459196,233994.6923,,
125940,0.040129534,71411.28416,,
125940,0.050417036,125899.852,,
125940,0.063630086,221347.1797,,
125940,0.079917876,378817.9519,,
125940,0.126644972,1158745.029,,
158730,0.012857933,7279.34543,,
158730,0.020419987,22384.58992,,
158730,0.025536232,38985.82867,,
158730,0.101052525,1191085.101,,
199200,0.04026269,211750.1871,,
199200,0.063811558,689917.023,,
199210,0.080149189,1239008.503,,
251260,0.010366531,14287.06098,,
251260,0.051010208,722707.0079,,
251260,0.064080996,1335776.529,,
316450,0.016273717,78546.63365,,
316450,0.025795151,241523.7126,,
316450,0.040745806,787845.7974,,
316450,0.051204425,1468237.396,,
396820,0.020126937,262724.9746,,
50110,0.049056736,14894.14083,,
50110,0.098741206,80778.87634,,
50110,0.196013615,376082.5333,,
63150,0.198147497,552720.1819,,
63150,0.250045482,925178.1406,,
63150,0.30944941,1555646.33,,
79470,0.024914661,6086.243349,,
79470,0.031059377,10340.41853,,
79470,0.039782684,18992.08866,,
79460,0.078733537,99317.80031,,
79460,0.199199004,831141.1342,,
99970,0.019841317,5080.009875,,
99970,0.024740777,8605.622508,,
99970,0.15825231,755773.6972,,
125940,0.049743659,79393.63699,,
158720,0.015659817,7537.906302,,
158720,0.02001179,13681.36716,,
158730,0.039501762,74691.85201,,
158720,0.062274463,228491.6022,,
199190,0.031379016,73631.68642,,
251260,0.025019082,76985.0176,,
251260,0.039363116,234057.0344,,
251260,0.050003706,425408.8112,,
316450,0.012540329,27194.24611,,
316460,0.015599255,46930.27407,,
316460,0.024856452,139291.2313,,
316450,0.030977474,248448.8754,,
316460,0.039355598,452630.9509,,
50110,0.020634469,3781.441827,,
50100,0.081088355,116002.3295,,
50100,0.102565931,197367.8678,,
63130,0.03222739,20054.36855,,
63130,0.040708389,36208.28124,,
79500,0.010321985,2101.338906,,
79490,0.016439356,6301.878935,,
79500,0.020595215,11021.37044,,
79500,0.025695184,19112.94729,,
79490,0.064588592,183562.1792,,
79500,0.1017064,560538.9484,,
99990,0.010308993,3637.356039,,
100000,0.013041689,6304.662801,,
100000,0.016353898,10955.67071,,
100000,0.020462925,18613.55931,,
100000,0.025774207,33539.42677,,
100000,0.051271793,183840.3929,,
125940,0.020638491,34809.09004,,
125940,0.025827879,61108.35869,,
158730,0.010434461,12564.23803,,
158730,0.025857496,111724.6121,,
199200,0.020288796,122772.2619,,
199210,0.040340218,711972.9675,,
251260,0.020389078,246853.6892,,
316450,0.010316575,92322.4618,,
316450,0.01628209,281332.605,,
316450,0.020472908,499612.874,,
50060,0.040147902,5825.132971,,
50060,0.050936648,10809.13847,,
50060,0.015477741,640.7207743,,
50060,0.019764037,1253.256649,,
50060,0.025195259,2531.498797,,
50060,0.050167587,15018.6371,,
50060,0.063008516,25713.61887,,
50060,0.126203862,128113.7621,,
50060,0.155259424,206790.4185,,
50060,0.012227922,468.3726233,,
50060,0.063050321,35976.41356,,
50060,0.024928041,5018.148574,,
50060,0.039389588,16306.87005,,
50060,0.049912928,29363.36043,,
50060,0.097643736,149730.0818,,
50060,0.019700025,4035.594289,,
50060,0.062504803,79980.5245,,
50060,0.077268496,130634.7687,,
50060,0.01244346,2064.539504,,
50060,0.01565798,3638.248535,,
50060,0.024799373,11906.941,,
50060,0.03123882,21350.85977,,
50060,0.039183999,64033.90075,,
50060,0.061121814,191585.0923,,
50060,0.012333835,6287.163323,,
50060,0.019575442,18921.66753,,
50060,0.038651181,106027.8366,,
50060,0.019607373,34785.51568,,
50060,0.048399883,337194.8696,,
398110,0.01250347,22075.76662,,
398110,0.015562292,37392.52336,,
398110,0.024218653,111794.4571,,
125950,0.012895448,5060.864952,,
125950,0.016179436,8499.002721,,
125950,0.050831603,145161.8914,,
125950,0.101100219,858556.1267,,
158710,0.010306533,5612.921817,,
158710,0.020254448,28277.13148,,
158710,0.032199827,85997.14203,,
199190,0.012581538,17857.72784,,
199180,0.020152467,54016.34427,,
199180,0.040005885,295301.4604,,
199180,0.049990204,536407.2631,,
199180,0.063228912,987602.9432,,
316440,0.050185944,2630319.764,,
396810,0.020647337,437836.5018,,
63090,0.03103805,5168.893099,,
63100,0.063119494,28454.03231,,
63100,0.079261746,49578.83017,,
79440,0.05047946,24195.97707,,
79450,0.063210331,42800.49145,,
125940,0.015670132,3647.425314,,
125940,0.019908679,6294.170617,,
125940,0.025128998,11161.63308,,
125950,0.062819458,108587.2693,,
125940,0.100049534,336085.5493,,
158710,0.031682355,34143.09669,,
158710,0.039919055,60117.54532,,
158710,0.050053874,105691.8112,,
158710,0.063078872,184016.9568,,
158710,0.079674389,334206.1653,,
199180,0.020158025,19975.84079,,
199180,0.03980008,104961.1524,,
199180,0.05009465,188523.009,,
251270,0.010087984,7602.749531,,
251270,0.031741318,113125.1101,,
251270,0.05046966,359573.4429,,
251270,0.063519063,665958.1923,,
316440,0.010124219,14221.98141,,
316450,0.012870386,24796.80268,,
316450,0.025318976,124591.7401,,
316450,0.031853394,221418.3799,,
316450,0.040193046,395484.2652,,
396810,0.015802066,81304.48039,,
396810,0.019851623,139012.693,,
396810,0.039647231,813118.6141,,
50150,0.062790016,16256.32255,,
63130,0.157474921,200291.7868,,
79440,0.099594951,101839.2567,,
79440,0.158164623,297274.5228,,
99940,0.039537079,16202.363,,
125940,0.039672343,25023.75011,,
125940,0.050453784,44882.99745,,
125940,0.249080598,2391291.283,,
158720,0.050162371,73283.96027,,
199180,0.198746738,5127719.062,,
251260,0.01276125,8814.651015,,
316450,0.024930186,78312.75552,,
316450,0.062720996,779581.7833,,
396820,0.012660998,28992.96528,,
396820,0.078918672,3443696.511,,
50080,0.098895002,45264.92734,,
50080,0.125471788,78923.39464,,
50080,0.197761756,228177.0784,,
50080,0.314359728,684001.605,,
63150,0.049789984,12854.68402,,
63150,0.062392359,22198.82625,,
63150,0.099564958,65199.48622,,
63150,0.124754042,108777.2003,,
63150,0.31287536,952094.0438,,
79440,0.039619695,10344.32894,,
79440,0.049624025,17759.20783,,
79440,0.099143559,90696.79406,,
79440,0.249108828,796211.6208,,
125960,0.031456331,12494.80724,,
125960,0.078954342,119860.4285,,
125960,0.125695559,360266.1539,,
158720,0.039952101,35403.0357,,
158720,0.062738813,108915.9688,,
158710,0.248844384,3569036.383,,
199180,0.025172366,19362.45722,,
199180,0.039857769,58331.35979,,
199190,0.198188919,3706145.728,,
251250,0.039660086,104090.7294,,
251250,0.157390614,4085406.122,,
316460,0.015829595,21114.07768,,
316460,0.04995848,333266.3237,,
396820,0.049806244,642546.3372,,
396820,0.079168945,2441936.143,,
63150,0.099598537,64029.88421,,
63150,0.124971742,108207.0671,,
63150,0.156162105,178024.1443,,
79440,0.039890842,10519.58012,,
79440,0.062294933,30149.08851,,
79440,0.124055596,149224.6705,,
79440,0.249011352,772485.7322,,
99940,0.031665208,8430.081701,,
99940,0.039653554,14559.89592,,
125970,0.078568619,113968.2908,,
125970,0.198508051,1053564.067,,
158710,0.020074538,6612.862412,,
158710,0.025117601,11161.49786,,
158720,0.049946897,59900.12585,,
158720,0.157742364,984965.4598,,
199190,0.016018069,6608.321193,,
199180,0.031749438,32648.29823,,
199180,0.062893381,175516.9277,,
199180,0.125800134,968663.1287,,
251240,0.019921289,19181.65339,,
251240,0.039621426,98452.34936,,
251240,0.062757947,305065.8721,,
251240,0.157562014,3749946.723,,
316460,0.015842028,20642.13605,,
316460,0.020059597,34977.03235,,
316460,0.06268996,571445.8266,,
316460,0.079103378,1042658.722,,
396830,0.031528967,187932.0535,,
396830,0.04988792,596976.14,,
396830,0.062872735,1141122.983,,
396830,0.079206096,2219435.473,,
50080,0.078061106,26117.27941,,
50080,0.124514641,78351.29834,,
63150,0.049483692,12762.34157,,
63150,0.078166243,38149.22814,,
63150,0.123909448,108703.8653,,
63150,0.311555635,953764.2739,,
79440,0.09858319,91283.2032,,
125960,0.024911216,7303.214365,,
125960,0.039330729,22451.18016,,
125960,0.07844031,120866.6667,,
125960,0.125095703,360321.0589,,
158710,0.062312075,109982.3533,,
158720,0.198171597,1925531.274,,
158710,0.247129868,3608356.883,,
199180,0.015795548,6791.965064,,
199180,0.019808005,11457.85644,,
199180,0.03149804,34350.92328,,
199180,0.039535386,59481.24041,,
199180,0.157767782,1949666.294,,
251250,0.01255706,7207.739446,,
251250,0.025082647,35185.56261,,
251250,0.031465724,60616.84302,,
251250,0.039424942,106151.4632,,
251250,0.07872461,576448.5955,,
251250,0.125341001,2064387.985,,
316460,0.009952677,7899.067268,,
316460,0.015712093,21745.66281,,
316460,0.123543059,4727603.286,,
396830,0.01980976,69348.20078,,
396830,0.049474863,649404.6943,,
63140,0.049369479,13977.88459,,
63140,0.247321044,602180.1227,,
79440,0.078492597,60014.47752,,
79430,0.09821018,101525.8223,,
99940,0.048929499,28675.08766,,
125940,0.124096687,422175.5314,,
125940,0.246307112,2445853.579,,
158710,0.024513552,13724.87928,,
158710,0.039334892,42733.6486,,
158710,0.078213774,229540.0596,,
158710,0.098219783,403505.858,,
158710,0.246495827,4883969.244,,
199180,0.015715382,8449.367244,,
199180,0.049343447,126021.6895,,
199180,0.062357308,225056.7226,,
199180,0.098717469,711919.1984,,
199180,0.155351605,2461765.361,,
251260,0.031282472,76543.45504,,
251260,0.099197523,1420349.174,,
316460,0.01230104,16075.45383,,
316460,0.024617258,81197.67713,,
316460,0.039115939,245205.3529,,
316460,0.049064894,426924.2112,,
316450,0.06184653,795323.497,,
316460,0.077943684,1541369.608,,
316460,0.097181535,3052936.19,,
396820,0.07785628,3543715.808,,
63100,0.030339919,5246.632768,,
63100,0.246564543,761882.4996,,
79440,0.024167926,4473.830792,,
125950,0.015231553,3955.096488,,
125950,0.019279866,6758.814287,,
125940,0.07737753,195914.6322,,
125950,0.153901234,1105743.248,,
158710,0.019516405,12109.60619,,
158710,0.024640099,20808.92771,,
158710,0.030959352,36549.64266,,
158710,0.061678384,193691.0635,,
158720,0.122433254,1131519.534,,
158710,0.154979586,2109158.502,,
199180,0.077909145,644206.3166,,
251270,0.009792796,8423.783991,,
251270,0.031133197,120060.2874,,
251270,0.049394126,376073.9451,,
251270,0.06213479,694287.928,,
251270,0.077494186,1296293.885,,
316450,0.024805546,132315.2262,,
396820,0.019423882,146687.211,,
396820,0.048270981,1586361.222,,
125950,0.009774086,3542.604287,,
125960,0.024523738,29641.7887,,
125950,0.038877944,89773.97992,,
125950,0.049265631,161009.367,,
125950,0.097934669,923856.0432,,
158710,0.019042171,31808.48334,,
158710,0.075882188,981719.0356,,
158710,0.095675608,1896131.071,,
199180,0.019445133,60912.7783,,
199180,0.048118811,592263.8004,,
199180,0.06100714,1090632.536,,
251270,0.012231921,40888.53541,,
251270,0.038332225,667419.5699,,
316450,0.019504195,234171.1724,,
316450,0.02453179,417239.444,,
396810,0.012449451,153663.2505,,
396810,0.024526774,862838.0306,,
396810,0.030966774,1612752.792,,
63070,0.031301048,4946.682768,,
63070,0.122968415,132920.8536,,
63070,0.155781389,229654.2171,,
79480,0.039249495,12366.75705,,
79480,0.062537109,40069.41939,,
79480,0.098368008,119547.6663,,
79480,0.156877595,356998.4577,,
79480,0.194767789,619245.193,,
79470,0.24601804,1087236.533,,
79480,0.311876451,1969863.982,,
99990,0.039417198,19005.98489,,
99990,0.049707763,33877.86521,,
99980,0.078111801,105006.3611,,
99980,0.098791774,183916.51,,
99990,0.195425667,991473.2443,,
99980,0.248324656,1818827.371,,
125940,0.020022626,5748.920825,,
125940,0.025061801,9886.709309,,
125940,0.078653487,175451.6486,,
125940,0.09950432,306013.5452,,
125940,0.155753216,963388.4001,,
158720,0.020016887,9824.092182,,
158720,0.049589568,96805.55332,,
199190,0.015884241,10199.21136,,
199200,0.024964046,31052.39285,,
199190,0.124294092,1897339.399,,
251270,0.015740999,19417.11271,,
251270,0.049823178,319697.5707,,
316440,0.009992039,12501.10469,,
316440,0.01572309,36500.56771,,
316440,0.024778478,110912.7755,,
316440,0.048898392,613686.9491,,
316440,0.061650641,1158197.363,,
396810,0.031683817,380688.6577,,
50170,0.048902261,9161.310846,,
50170,0.156367802,145455.7227,,
50170,0.196738017,251301.9644,,
63100,0.038896929,8062.985369,,
63110,0.049428231,14074.93064,,
63110,0.062120692,24407.6406,,
63110,0.098211553,71863.55856,,
63110,0.156521848,207470.8324,,
79470,0.031004873,6460.151389,,
79470,0.039436624,11579.91296,,
79470,0.062199847,34997.13496,,
79470,0.124696663,178763.4061,,
79470,0.197449668,533258.3327,,
99980,0.024708662,5265.490451,,
99980,0.031396469,9424.957678,,
99980,0.049493118,29196.31614,,
99980,0.062261493,52321.13659,,
99980,0.099104736,158403.6801,,
99980,0.12448611,267563.4484,,
99980,0.197867039,827447.5959,,
125940,0.024986968,8203.867667,,
125940,0.049415656,45494.32894,,
125940,0.124778857,429152.0677,,
125940,0.247329359,2474266.014,,
158720,0.015636716,4387.917973,,
158720,0.019924384,7669.591769,,
158720,0.039295702,41853.76851,,
158720,0.062664549,133168.3448,,
158720,0.154986457,1306287.889,,
199190,0.01996604,13246.4133,,
199190,0.031290407,40860.56983,,
199200,0.039737366,72241.79997,,
199190,0.049880376,128714.2449,,
199190,0.062585242,228493.9577,,
199190,0.079010094,404499.8733,,
199190,0.099482811,733460.7203,,
251270,0.012624222,8160.283103,,
251260,0.03159664,73173.54594,,
396820,0.012573011,28439.07352,,
50120,0.048721133,8893.728538,,
50120,0.078665629,29694.66841,,
50120,0.196576211,250522.0486,,
50120,0.311746154,742550.6554,,
63140,0.196825522,350590.7058,,
79460,0.039629882,11749.58378,,
79460,0.061790133,33967.62059,,
99970,0.031508472,9483.606307,,
99980,0.078735699,89176.13043,,
99970,0.156900259,449584.4502,,
99970,0.197614504,784424.2767,,
99970,0.249216434,1380813.963,,
125950,0.049765157,43265.52122,,
125950,0.099001376,234588.5697,,
125950,0.157016123,710112.8738,,
158720,0.01552803,3906.768052,,
158720,0.019957127,7298.764615,,
158720,0.049832131,70764.04801,,
158720,0.062472958,123885.1408,,
158720,0.078725883,217864.5089,,
158720,0.157541949,1205155.776,,
199190,0.039582817,67017.74734,,
199190,0.099337605,653304.652,,
199190,0.156356827,2197347.568,,
251260,0.012663053,7446.059117,,
251260,0.019856183,21124.63488,,
316450,0.012588952,13416.99528,,
316450,0.078744177,1276506.636,,
396820,0.010098517,14704.9157,,
396820,0.019963336,72524.43538,,
396820,0.039686059,400039.9116,,
396820,0.063053687,1409888.115,,
396820,0.078660832,2865027.601,,
50030,0.250582991,462792.7371,,
50030,0.314745325,792150.7161,,
63150,0.063028153,27038.80348,,
63150,0.25045303,654461.2684,,
79460,0.050203607,21840.33705,,
79460,0.125842095,189070.4486,,
99960,0.039963439,17975.54535,,
99960,0.252306609,1480228.724,,
99970,0.316095917,2623404.15,,
125960,0.031836102,15012.5001,,
125960,0.100393628,250792.3803,,
158720,0.020300092,7732.005235,,
158720,0.050545664,74564.42432,,
158720,0.100280958,407661.3786,,
158720,0.12623286,709009.6397,,
199190,0.031906072,39664.16285,,
199190,0.079656325,390534.9084,,
251240,0.050704591,218166.5133,,
251240,0.080347003,694846.3156,,
316460,0.010229735,8355.35684,,
316460,0.012786613,13978.0844,,
316460,0.015959802,23272.32912,,
316460,0.063239647,716885.0578,,
396820,0.010164961,15254.72486,,
396820,0.016028635,43665.76662,,
396820,0.039883431,409523.6173,,
396820,0.063307807,1454949.827,,
50020,0.078833106,29462.77826,,
50020,0.156433089,145192.1193,,
63150,0.248197031,608508.5471,,
79450,0.030795805,6097.745976,,
79450,0.07875653,59970.94649,,
79450,0.124875625,175700.2474,,
79450,0.157130161,297119.9966,,
99960,0.024546401,4946.43589,,
99960,0.15696475,450839.3934,,
125970,0.049862396,42962.91612,,
125970,0.157629233,710661.7953,,
158720,0.031283964,21827.56177,,
158720,0.039623947,39365.35407,,
158720,0.0497388,70513.72328,,
158720,0.062732325,123938.5873,,
158720,0.078870748,217507.2488,,
158720,0.157762483,1204737.056,,
199190,0.039705302,67408.37217,,
199190,0.062897265,208188.5891,,
199190,0.125836181,1195105.996,,
199190,0.157072768,2209436.222,,
251240,0.015970585,12669.86496,,
251240,0.019881745,21097.26806,,
251240,0.03160019,66888.78745,,
251240,0.062854297,373616.8892,,
251240,0.07952869,667241.0939,,
251240,0.100121878,1234870.042,,
251240,0.124879069,2341945.328,,
316460,0.015703551,22162.91717,,
316460,0.019940357,39162.81344,,
316460,0.031439776,118467.7945,,
316460,0.039457449,210240.955,,
316460,0.098362811,2538651.582,,
396820,0.012637405,24446.72632,,
396820,0.015993298,42670.16704,,
396830,0.019961188,72236.77058,,
396820,0.025178406,127041.1875,,
50090,0.078112865,28528.43304,,
50090,0.098043502,49076.12892,,
50100,0.196926672,250756.4387,,
63140,0.195226397,356086.0096,,
63140,0.246917543,617577.3674,,
79450,0.039041035,11565.40579,,
79450,0.061788187,34912.31596,,
79440,0.077785478,61372.22553,,
79440,0.247604738,930753.2769,,
79440,0.307189083,1615696.489,,
99950,0.024382206,5148.76663,,
99950,0.031066416,9354.597792,,
99950,0.049107744,28976.7332,,
99950,0.061807764,52026.57149,,
99950,0.123423617,267770.433,,
125960,0.024642988,8195.464025,,
125960,0.031016594,14365.89954,,
125960,0.078345293,143472.9439,,
125960,0.123853317,429949.6394,,
125960,0.156200956,764812.5493,,
125960,0.193655499,1355386.293,,
125960,0.245696465,2488669.531,,
158720,0.019622425,7703.043779,,
158710,0.024765693,13438.6065,,
158710,0.04929508,75012.51791,,
158720,0.077896049,235873.3484,,
158710,0.195465262,2477375.495,,
199190,0.012300174,4475.194881,,
199180,0.039245113,72016.21225,,
199190,0.15544725,2544793.564,,
251250,0.012490121,8267.159867,,
251250,0.024712228,42043.97732,,
251250,0.031236287,73297.11047,,
251250,0.039424005,130758.9562,,
316460,0.009939106,9091.856758,,
316460,0.015758831,26046.31125,,
316460,0.024853985,77828.09168,,
316460,0.07731998,1507524.642,,
396820,0.009901121,16868.43099,,
396820,0.015531331,48051.54008,,
396820,0.019644205,84375.551,,
396820,0.024785467,148548.4664,,
396830,0.039136999,467349.8788,,
396820,0.061091152,1664005.785,,
396820,0.077351376,3449787.915,,
50140,0.06105619,16841.053,,
50150,0.077100963,30704.38663,,
50150,0.30429918,801818.4262,,
63130,0.048563251,14972.96998,,
63130,0.077464443,46377.79025,,
79430,0.048649054,22660.74124,,
79440,0.123004393,203765.4913,,
99950,0.024563522,6149.159925,,
99950,0.030671458,10667.31615,,
99940,0.048977371,34359.18684,,
99950,0.076983304,106750.8492,,
125940,0.049120941,57220.336,,
125940,0.061210912,100966.3993,,
125940,0.153206807,976659.3322,,
125940,0.19531679,1814259.912,,
158710,0.024300397,17856.67249,,
158710,0.120569538,966555.2091,,
199190,0.015416614,10312.03931,,
199180,0.01941799,18317.80632,,
199190,0.038537325,97842.52417,,
199190,0.096299991,1007894.913,,
199180,0.122699041,1919863.438,,
251260,0.097512928,2079676.742,,
316450,0.038787878,348843.1787,,
316460,0.048010082,618903.2147,,
396820,0.009837554,24851.95625,,
396820,0.019455039,124053.4005,,
396820,0.024644148,213069.7649,,
396820,0.031092094,384178.031,,
396820,0.048409754,1303569.415,,
50170,0.310166931,750254.4916,,
63100,0.030461382,4458.206716,,
63110,0.049737913,14435.95799,,
63110,0.098312757,71713.19126,,
79500,0.049388188,20298.29944,,
79510,0.196340377,540129.0761,,
100010,0.019267188,2971.758367,,
100010,0.078613221,93861.50956,,
100010,0.097387421,159577.5244,,
100010,0.156442082,485032.8674,,
125920,0.015367305,2747.358132,,
125930,0.025012179,8856.836271,,
125930,0.031214761,15364.59803,,
125920,0.038997923,27073.32249,,
125930,0.049599015,48388.73023,,
125930,0.077513559,148061.1838,,
125920,0.195288842,1436230.985,,
158730,0.015688901,4848.362556,,
158740,0.06164923,142079.8987,,
158730,0.078346814,250307.8417,,
199210,0.009709754,2868.333193,,
199210,0.015853183,8597.569932,,
199210,0.062204545,247265.7611,,
199210,0.123137457,1453812.948,,
251270,0.01577846,15683.98714,,
251270,0.019554295,26867.17687,,
251260,0.024883568,46649.31578,,
251270,0.049363172,254801.2511,,
316440,0.030915221,152899.4012,,
316440,0.061329163,883025.2606,,
316440,0.077679618,1690978.48,,
396820,0.019961438,97080.6353,,
396820,0.024714871,163572.4796,,
396810,0.048974456,969350.4709,,
50140,0.077978177,30617.98366,,
50140,0.154768374,152795.855,,
63120,0.246821791,663200.4408,,
79490,0.062161355,37794.98525,,
79490,0.155587154,330828.6919,,
100000,0.019476297,3135.064259,,
100000,0.039233565,18362.77303,,
100000,0.06196599,57037.79181,,
100000,0.077930459,99745.48884,,
125940,0.024511223,8863.91076,,
125940,0.031250982,16101.90685,,
125940,0.124130714,482231.1273,,
158730,0.019502626,8429.46289,,
158730,0.024855603,15239.03496,,
158730,0.031297491,26889.13942,,
158730,0.098634614,467149.8007,,
199200,0.009879892,2959.09324,,
199200,0.012309531,5000.175281,,
199200,0.015553395,8669.409062,,
199210,0.039180495,81760.49195,,
199210,0.078461026,464935.6368,,
199200,0.123356857,1532923.794,,
251260,0.009867982,5453.084283,,
251260,0.039582441,150129.6415,,
316450,0.012599717,17511.12135,,
316450,0.098167711,3601131.681,,
396820,0.024763426,169670.5368,,
396820,0.049411415,1010794.439,,
396820,0.061552694,1987287.872,,
396820,0.077514228,4109387.055,,
50070,0.039277359,6477.005296,,
50070,0.159036317,185713.2845,,
50070,0.198755104,314147.155,,
63140,0.099934994,93469.24512,,
63140,0.126738176,160483.269,,
63140,0.316495071,1378633.423,,
79480,0.040211224,15603.56381,,
79480,0.079498679,80409.20478,,
79480,0.200985644,709473.0742,,
79480,0.317196382,2160591.88,,
99980,0.025372228,7183.584616,,
99980,0.063355513,70274.42225,,
99980,0.100202059,211698.0351,,
125940,0.01576744,3557.671554,,
125950,0.126844372,602625.6807,,
125950,0.15894688,1068342.311,,
158730,0.020315201,11028.40281,,
158730,0.040162713,59460.93028,,
158730,0.050662276,107089.1371,,
158730,0.080153148,334455.2448,,
158730,0.159545253,1920125.589,,
199200,0.009977948,3574.253352,,
251250,0.020297167,34164.99595,,
251250,0.025612701,59295.11972,,
251250,0.040209019,184997.7081,,
316450,0.015933088,35948.45876,,
396820,0.010274871,23146.87025,,
396820,0.012919759,39931.4332,,
396820,0.020395646,119427.8411,,
396820,0.025470985,210029.0812,,
50070,0.048917867,9387.53463,,
50070,0.061939607,16871.41538,,
50070,0.156941634,151559.9063,,
63150,0.038765973,8374.174531,,
63150,0.098341395,76610.17457,,
63150,0.124514299,127588.1895,,
79470,0.024607916,3719.294458,,
79460,0.062835884,37706.62487,,
99970,0.01958737,3107.403406,,
99970,0.024569392,5576.00898,,
99970,0.031080085,10062.91678,,
99970,0.124535043,295819.0486,,
99970,0.157487231,516706.3183,,
99970,0.198532308,910857.3197,,
125960,0.024719452,8840.386317,,
125960,0.03970244,28483.55159,,
125960,0.062594554,89264.08013,,
125960,0.196594414,1520891.799,,
125960,0.247820811,2850020.833,,
158720,0.012423865,2817.35779,,
158730,0.019680297,8449.56389,,
158730,0.049750949,84199.64095,,
158720,0.078593873,266862.0004,,
199190,0.025179651,26530.90617,,
199190,0.031279416,47023.64046,,
199190,0.039584779,81743.0554,,
199190,0.04990364,146338.3263,,
199190,0.062434487,262419.633,,
199190,0.156446755,3016052.438,,
251250,0.009903614,5465.013899,,
251250,0.079435131,886659.1027,,
251250,0.09904618,1646902.329,,
316460,0.039421106,275947.5208,,
316460,0.078350304,1804606.135,,
316460,0.098580157,3615411.519,,
396820,0.039445954,549011.7167,,
396820,0.04962075,1014673.565,,
396820,0.061780823,1994661.247,,
63150,0.038739504,7980.205707,,
63150,0.049411311,14330.18701,,
63150,0.061842191,24281.41525,,
63150,0.305752496,1079243.3,,
79450,0.023981734,3456.8742,,
79450,0.030886264,6407.0428,,
79450,0.156064153,311360.9132,,
79450,0.1965666,540245.6497,,
99950,0.019040099,2931.52067,,
99950,0.031300876,9849.810406,,
99950,0.039128955,17008.83692,,
99950,0.077943965,92923.21433,,
158720,0.019737222,8549.203219,,
158720,0.061407887,142365.9947,,
158720,0.121623014,778466.0044,,
199190,0.031097781,45656.67409,,
199190,0.039242563,80584.00596,,
199190,0.049075984,141698.0628,,
199190,0.097104457,793091.3974,,
251250,0.009844979,5506.586706,,
251250,0.019569255,27355.20128,,
251250,0.031138062,83100.69677,,
316460,0.009970287,10398.01284,,
316460,0.030844306,150519.2097,,
396820,0.019711011,97113.87006,,
396820,0.031219031,296520.4749,,
50140,0.030957929,3308.375863,,
50140,0.078104528,33228.74321,,
50130,0.097184833,56977.33559,,
50130,0.154610379,165348.0353,,
50140,0.309255728,866105.4378,,
63140,0.024684137,2922.406932,,
63140,0.038553434,9261.957873,,
79520,0.019598175,2466.754817,,
79520,0.030594596,7684.42878,,
79520,0.049367966,24507.7054,,
79520,0.122499893,220532.7839,,
79520,0.19609713,678866.0549,,
100020,0.019597264,3990.47424,,
100020,0.0243417,6776.731488,,
100020,0.031239532,12553.29998,,
100020,0.04896542,38624.43004,,
100020,0.077899669,118223.3329,,
100020,0.155831841,632200.0385,,
125920,0.012423796,2165.59396,,
125930,0.024810805,11815.30541,,
125930,0.0619313,112543.2353,,
125930,0.07737478,194975.237,,
125930,0.098065746,347723.6415,,
158740,0.012402248,3965.27413,,
158740,0.019682873,11746.96074,,
158740,0.039057967,63008.71229,,
158740,0.122025999,1110683.893,,
199210,0.012273049,6870.452004,,
199210,0.015683993,12223.34034,,
199210,0.048883899,195536.2336,,
199210,0.061802523,353635.3475,,
199210,0.0782428,629318.1545,,
199210,0.097129323,1159461.166,,
251260,0.019644009,39089.3047,,
251260,0.024851663,68230.2468,,
251260,0.039041545,207157.9262,,
316450,0.038844709,405033.3975,,
316450,0.061023934,1387428.011,,
396820,0.015753839,82127.74514,,
396820,0.019848824,139161.2204,,
396820,0.031276338,450562.8023,,
50090,0.051235906,16403.67151,,
50090,0.127440894,145010.7695,,
50090,0.160343085,248361.9632,,
50090,0.319313276,1276101.163,,
63140,0.040346303,14450.71819,,
63140,0.050777323,25337.62083,,
63140,0.100670343,129072.2827,,
63140,0.201226897,660783.5021,,
79490,0.020379704,3986.212194,,
79490,0.050663626,38780.136,,
79490,0.10129561,205519.546,,
79490,0.16067738,617528.3848,,
99990,0.160193954,1041232.25,,
125940,0.016086541,6201.214181,,
125940,0.025570229,19499.36316,,
125940,0.031953597,33921.40221,,
125940,0.063678555,187739.1067,,
125940,0.080023555,324571.0668,,
125940,0.126620914,1037625.396,,
158730,0.01284801,6413.214741,,
199200,0.016235859,20419.83576,,
251260,0.020343654,65023.48276,,
251260,0.040496931,364059.0515,,
316450,0.051252797,1383502.143,,
396820,0.010217446,45712.50051,,
396820,0.012747724,79153.58731,,
396820,0.03995859,1521982.112,,
50110,0.031388003,3237.35114,,
50110,0.315140102,883542.6242,,
63150,0.039089244,9212.553843,,
63140,0.309782971,1322235.536,,
79460,0.03982296,14223.35911,,
79470,0.15788243,391930.7269,,
99970,0.019829084,4024.986288,,
99970,0.024732496,6786.159309,,
99970,0.031716088,12568.84481,,
99970,0.039621401,21801.80102,,
99970,0.062597346,67929.4146,,
99970,0.158400951,639551.0497,,
125940,0.039437795,36498.18845,,
158720,0.012551844,4000.169233,,
158720,0.020063608,11845.27711,,
158720,0.079187176,347686.0713,,
158730,0.123546354,1112797.306,,
251250,0.019847875,39179.95607,,
316460,0.012563792,24703.95078,,
396820,0.010109131,27874.42081,,
396820,0.012570672,47757.83227,,
396820,0.03165582,454249.8306,,
396820,0.039912891,826538.0936,,
50110,0.032552704,9854.208428,,
50110,0.040723618,17061.47668,,
50100,0.081116163,94936.00486,,
50100,0.129071007,288212.6706,,
63130,0.025780003,9820.749081,,
63130,0.101972021,279038.2132,,
79500,0.01031256,1829.227928,,
79490,0.012944119,3099.88414,,
79500,0.032414561,29211.93152,,
79500,0.040631089,51367.27015,,
79500,0.051036035,90082.61077,,
79500,0.064466794,157401.957,,
100000,0.01029095,3255.445876,,
100000,0.016352798,9731.244217,,
125940,0.020632754,31264.28463,,
125940,0.064754468,550109.3691,,
158730,0.020586345,59181.06521,,
158730,0.02585629,101227.8387,,
199210,0.012886273,37816.50703,,
199210,0.025517692,200309.7879,,
199200,0.03213558,357749.8177,,
251260,0.010328142,43051.98936,,
251260,0.016193286,126722.1653,,
316450,0.016273315,255734.9745,,
316450,0.025686106,834952.2139,,
158480,0.012476526,1782.313287,,
158480,0.013417339,12922.39995,,
125950,0.040312308,87643.32303,,
251270,0.016059958,71327.04036,,
251270,0.020166371,122160.4139,,
199180,0.009981379,4729.044756,,
199190,0.050184142,200080.2802,,
316450,0.031875306,245016.4183,,
396810,0.012551964,54678.34587,,
396810,0.015796253,91368.94096,,
396810,0.039704897,893361.4705,,
50140,0.157519613,111196.4244,,
125940,0.031524535,13297.8974,,
125940,0.039600027,22777.13161,,
158710,0.020186627,8243.805159,,
158720,0.06307839,123273.0357,,
199180,0.039782173,72576.57018,,
251260,0.025525315,46366.09912,,
396820,0.020018834,94325.67854,,
158720,0.025078499,11235.12713,,
158720,0.125350849,558083.8415,,
199180,0.031842747,34021.75847,,
396820,0.039755733,389741.4581,,
79440,0.062369211,22768.55704,,
125970,0.157742561,549968.8974,,
158710,0.049998703,55494.04861,,
158720,0.125283061,531038.7647,,
316460,0.099491273,2143284.542,,
50080,0.098399089,32590.46183,,
50080,0.12505198,59005.51571,,
63150,0.099039053,49209.75481,,
63140,0.061649499,18334.19049,,
125940,0.153903271,1123951.347,,
158710,0.015452631,7689.676714,,
158710,0.039097989,63628.70455,,
158710,0.155030126,2263926.12,,
199180,0.031057534,67690.28811,,
251270,0.024759851,75100.97629,,
251270,0.031149782,130461.2489,,
396820,0.038735063,933224.7116,,
125950,0.031149586,54796.23661,,
79480,0.124412791,177181.3237,,
99980,0.019919,3369.104811,,
99990,0.049696422,30507.14824,,
158720,0.031554317,31050.33751,,
199190,0.098111776,1037458.253,,
316440,0.015742873,40725.98146,,
396810,0.0199043,132630.5159,,
63110,0.062263083,18288.5219,,
79470,0.062203159,27263.36864,,
79470,0.308678489,1521972.284,,
199190,0.015903838,8346.831242,,
63140,0.248167833,530555.8692,,
99970,0.078842093,73558.52768,,
125950,0.025072679,7176.264717,,
125950,0.049863636,37423.82823,,
316450,0.010054644,9120.556775,,
396820,0.01259483,27851.68942,,
63150,0.125759151,104154.842,,
125960,0.079767251,125467.8104,,
158720,0.020323108,7590.414471,,
199190,0.040200674,68055.36687,,
316460,0.010240912,9449.107882,,
50020,0.048676525,6177.083208,,
50020,0.078737596,21051.40142,,
79450,0.078792797,46585.69967,,
125970,0.025124228,7211.111863,,
125970,0.099383949,208979.2611,,
158720,0.157859715,1190955.129,,
63140,0.049164121,10338.5558,,
79450,0.15548027,263444.5008,,
79440,0.247651429,847158.4379,,
99950,0.024357446,4454.08552,,
125960,0.04909868,40613.64332,,
125960,0.098060145,226846.2724,,
158710,0.015450288,4534.117257,,
199190,0.024842458,23875.05385,,
199180,0.049675663,128074.5682,,
251250,0.039489164,136081.6115,,
396820,0.009913559,19420.23221,,
50150,0.122974283,72027.0938,,
50140,0.194871999,225943.1505,,
50150,0.245731852,405847.3409,,
125940,0.030803656,17635.898,,
125940,0.077822182,168423.6246,,
158710,0.048256313,94707.50559,,
316450,0.03077042,208777.1157,,
316450,0.060453632,1256720.669,,
396820,0.024679229,233635.0997,,
63110,0.077560345,31726.76078,,
79500,0.243511385,856058.8876,,
100010,0.039376623,14716.36439,,
100020,0.049005172,25258.98309,,
100010,0.062341719,45326.14714,,
158730,0.019945681,8637.685205,,
158730,0.024923177,14619.84485,,
158740,0.031065018,25023.78771,,
199210,0.019856873,15455.28097,,
251270,0.038940453,145436.0801,,
316440,0.015581471,31656.33731,,
100000,0.024439099,4982.421802,,
125940,0.061976617,80696.89261,,
251260,0.031298501,87952.67617,,
63140,0.040068623,8115.267008,,
63140,0.079302636,43348.46677,,
63140,0.158441573,228721.8032,,
99980,0.200178022,1086402.147,,
199200,0.126661603,2072239.24,,
79470,0.049690281,17086.47516,,
99970,0.312160369,2999146.221,,
125960,0.015580851,2838.295787,,
125960,0.031434412,14831.02318,,
396820,0.031178094,325534.6369,,
63150,0.097989087,56516.38469,,
63150,0.247225452,548969.7552,,
99950,0.061877467,45446.14346,,
158720,0.012047374,2926.93031,,
158720,0.03084513,25028.35708,,
396820,0.061530033,2072346.786,,
50130,0.122895505,77658.8698,,
63140,0.049314547,13108.48909,,
63150,0.154171661,211808.0111,,
100020,0.156060207,602613.462,,
199210,0.019818462,22053.62478,,
316450,0.009903534,16710.30697,,
50090,0.064290861,23079.94387,,
99990,0.032290063,19212.94193,,
99990,0.040361635,33143.99215,,
125940,0.012838476,3853.024953,,
125940,0.080037731,316701.6733,,
251260,0.020352585,70265.52182,,
396820,0.025260454,472817.2898,,
396820,0.0318427,866213.2274,,
50110,0.098827052,44660.90033,,
50110,0.124764325,78302.58944,,
50110,0.315394763,790663.1764,,
79460,0.124211517,194584.3094,,
99970,0.019821562,3900.152266,,
125940,0.039472451,34770.29137,,
125940,0.04982414,60919.84921,,
125940,0.06301776,107298.2605,,
125940,0.125949412,597575.1626,,
251260,0.015934838,24475.7761,,
63130,0.032180498,16036.1757,,
79500,0.010312752,1993.710188,,
100000,0.064552513,289783.1221,,
100000,0.080999863,529439.7469,,
125940,0.040978923,178384.1715,,
50060,0.0394706,1886.985489,,
50060,0.062556278,6562.325409,,
50060,0.099616656,22842.85996,,
50060,0.302163616,466361.016,,
63110,0.024691689,960.810972,,
63110,0.153914432,110393.6094,,
79400,0.024823343,1475.568808,,
79400,0.031238247,2613.725378,,
79400,0.039129199,4664.254402,,
79400,0.062171284,14793.46202,,
79400,0.0784446,27075.38349,,
79400,0.194388781,313988.2528,,
99970,0.019691642,1356.469951,,
99970,0.024764405,2346.867879,,
99970,0.039183992,7367.996061,,
125920,0.013010089,879.6132981,,
125930,0.012361322,797.2440832,,
125920,0.024619699,3975.06422,,
125920,0.039207631,12177.0755,,
125920,0.096701319,123459.2737,,
125920,0.121959909,228733.3201,,
158480,0.012478225,1453.387948,,
158480,0.019626507,4112.812205,,
158480,0.024616939,6900.752502,,
199520,0.013593196,3199.553155,,
199520,0.012471622,2652.475931,,
251180,0.019699881,14094.13497,,
316240,0.012368549,9504.512518,,
316240,0.015538226,15741.35291,,
316240,0.024692993,46445.98649,,
125950,0.012887298,5733.381995,1,
125960,0.064072677,259835.6731,1,
125960,0.126767915,1768739.582,1,
158710,0.051100767,285076.8189,1,
158710,0.101147456,1991316.329,1,
199190,0.025176653,99607.56383,1,
199180,0.031730104,176766.0598,1,
199180,0.078966908,2218451.872,1,
316450,0.010099142,44096.18648,1,
316440,0.016033151,129067.0881,1,
396810,0.010374162,86124.74187,1,
396810,0.016335347,260118.3472,1,
63100,0.039502757,5594.737768,2,
63090,0.049778205,9955.638719,2,
63100,0.079285733,30895.34001,2,
63090,0.250542881,626762.0723,2,
79440,0.024870737,3207.527154,2,
79440,0.039838004,9527.334356,2,
125950,0.019920544,6318.322569,2,
125950,0.031854787,18160.13415,2,
125950,0.03982285,31429.37927,2,
125950,0.125812198,557444.0462,2,
158710,0.015894965,7053.576582,2,
158710,0.031775221,34082.16602,2,
158710,0.079787029,322221.3015,2,
158710,0.100264898,591605.7264,2,
199180,0.009985747,4781.338089,2,
199180,0.012652248,7895.159861,2,
199190,0.031657851,64422.30678,2,
199180,0.079547482,643571.56,2,
251270,0.031678368,120654.5916,2,
316450,0.016012284,47572.56465,2,
316450,0.031870488,240453.022,2,
396810,0.015794479,89648.76664,2,
396810,0.024951232,266729.8575,2,
396810,0.03146915,478701.8597,2,
396820,0.062215731,3853545.452,2,
50150,0.125538945,46234.50189,3,
50150,0.197612404,157564.3666,3,
50140,0.314040373,546107.8739,3,
63130,0.078600051,21756.43393,3,
63130,0.157736026,131519.1549,3,
63130,0.315248431,844701.9879,3,
79440,0.199036952,392364.3745,3,
79440,0.315902138,1395429.13,3,
125940,0.031475357,11672.09359,3,
125940,0.050488663,34897.99937,3,
125940,0.125696267,347972.289,3,
125940,0.248883634,2517383.742,3,
158720,0.050201692,64132.75084,3,
158710,0.079710968,195803.632,3,
158720,0.100207804,356319.4853,3,
158710,0.159181922,1281647.238,3,
199180,0.031992221,40352.1858,3,
251260,0.025522373,45613.64035,3,
251260,0.039863203,128957.2274,3,
251260,0.063193064,415700.0729,3,
316450,0.024951565,85094.54324,3,
316450,0.031320057,142666.5109,3,
396820,0.010071542,19533.7372,3,
396820,0.016160767,57262.57074,3,
396820,0.039926463,500840.3178,3,
50080,0.157430637,75763.99691,4,
63150,0.049863862,6293.156052,4,
63150,0.124992131,62719.53335,4,
63150,0.313713423,739394.9524,4,
79440,0.079407556,30807.96955,4,
79440,0.12499835,99056.33887,4,
99940,0.031529338,5615.888493,4,
99940,0.039578384,9430.388319,4,
125960,0.031539317,9739.577797,4,
125960,0.039672032,16461.93304,4,
125960,0.250941349,1967410.163,4,
158720,0.025101886,10483.35804,4,
158710,0.199226976,1964008.732,4,
199180,0.015945052,6922.61722,4,
199180,0.02001108,11445.44273,4,
199190,0.031815388,32130.47084,4,
199180,0.039876501,54481.89999,4,
199180,0.049997287,95113.63152,4,
199190,0.062925647,162856.0627,4,
199180,0.079477156,293927.3587,4,
199180,0.158544362,2072521.705,4,
251250,0.03976083,103960.8072,4,
251250,0.100063663,1104386.805,4,
251250,0.125992778,2287151.503,4,
316460,0.020057851,39618.84805,4,
316460,0.062664022,626064.7472,4,
316460,0.079051701,1230650.735,4,
316460,0.099549588,2507540.998,4,
396830,0.01593097,45194.91093,4,
396820,0.039736319,395859.0599,4,
396820,0.049778637,715773.9634,4,
396820,0.062752326,1421170.404,4,
63150,0.050246723,6853.980964,5,
63150,0.125104584,63906.85407,5,
63160,0.31330528,725777.7589,5,
79440,0.039943368,6163.27035,5,
79440,0.049939522,10260.26357,5,
79440,0.079054031,30869.87776,5,
79440,0.099352812,55073.63748,5,
79440,0.157269399,176508.061,5,
79440,0.197997729,327770.0953,5,
99940,0.049593412,16444.93046,5,
99940,0.079041847,50936.98448,5,
125970,0.039514989,16909.31887,5,
125970,0.062884032,50469.22274,5,
125970,0.157502948,509868.4242,5,
125970,0.250455858,1884204.62,5,
158710,0.049985608,52328.82429,5,
158720,0.079058387,158866.4536,5,
158720,0.099373446,277779.597,5,
158720,0.198967174,1889222.011,5,
199180,0.020088034,12023.05794,5,
199180,0.039926934,56179.72632,5,
199180,0.049952792,94787.59685,5,
199180,0.063006205,163491.6125,5,
199180,0.07923898,289499.0294,5,
251240,0.01271862,8330.736155,5,
251240,0.019963183,21675.07322,5,
251240,0.025243518,36544.6578,5,
251240,0.031651972,61656.25807,5,
251240,0.039608309,103554.9369,5,
251240,0.062792225,309849.3076,5,
251240,0.099663653,1056141.049,5,
251240,0.157264385,4660861.866,5,
396820,0.012619133,26952.57477,5,
396830,0.020005209,75897.02193,5,
396830,0.031537915,214913.0607,5,
63150,0.099268792,37389.98779,6,
79440,0.03929145,6327.566844,6,
79440,0.049345734,10747.98177,6,
79440,0.098726136,57865.1439,6,
79440,0.156660664,187662.7023,6,
79430,0.197765114,348953.7149,6,
125960,0.03124137,11146.49239,6,
125960,0.03939075,18796.81751,6,
125960,0.062478073,54931.16569,6,
125960,0.125048503,305155.7598,6,
125960,0.198067734,1050251.454,6,
125960,0.249663816,2091814.004,6,
125960,0.310960803,4268498.803,6,
158710,0.246814364,4411989.311,6,
199180,0.099080388,578040.9582,6,
199180,0.157632165,2239563.396,6,
199180,0.196452296,4785206.208,6,
251250,0.019873963,24468.65737,6,
251250,0.039527511,114286.0856,6,
251250,0.062816139,351636.8397,6,
316460,0.019931423,45935.22677,6,
316460,0.099009908,2758157.388,6,
396820,0.009971073,17988.27791,6,
396820,0.015841499,51006.51599,6,
396830,0.019850756,85146.07567,6,
396820,0.049505138,782574.237,6,
396820,0.062447087,1536671.737,6,
396820,0.078539438,3185169.729,6,
50140,0.124256478,49181.94747,7,
50140,0.310530755,561825.4993,7,
63130,0.197159303,260346.8975,7,
63140,0.24739577,477319.2483,7,
63140,0.311838541,887222.3504,7,
79440,0.078645681,39797.45049,7,
125940,0.024893788,8459.230045,7,
125940,0.098845276,212986.9086,7,
125940,0.124089746,383091.6993,7,
125940,0.156458858,705956.6938,7,
125940,0.310734563,5866407.566,7,
158710,0.024561289,15077.3374,7,
158710,0.049300358,73446.40679,7,
158710,0.245943216,6370387.017,7,
199180,0.019607451,16470.21751,7,
199180,0.024681295,27429.73491,7,
199180,0.078400401,410012.3687,7,
199190,0.155312788,3031920.208,7,
251260,0.012552484,11536.22358,7,
251260,0.123564401,3406765.927,7,
316460,0.039181249,286086.7481,7,
316460,0.07796004,1797324.14,7,
63100,0.048969149,11235.44002,8,
63100,0.123230262,107886.5246,8,
63100,0.154875714,194594.3141,8,
63100,0.19627541,361869.5575,8,
63100,0.246721503,670218.6821,8,
63100,0.307761681,1241170.732,8,
125950,0.038947511,36996.52909,8,
125950,0.049098784,63388.28146,8,
125950,0.061722162,106880.1865,8,
125950,0.077520537,188436.8805,8,
125950,0.098127188,333875.7743,8,
125950,0.123352897,623173.821,8,
125940,0.153894831,1186484.531,8,
158710,0.015431508,8466.916697,8,
158710,0.03104073,39928.54177,8,
158710,0.049136484,113984.8296,8,
158720,0.122557115,1263499.142,8,
158710,0.154819058,2525309.592,8,
199180,0.015535468,15303.95898,8,
199180,0.062044653,388227.0747,8,
199180,0.122853907,2783583.406,8,
251270,0.009795883,10213.02925,8,
251270,0.012392057,17293.08161,8,
251270,0.049447782,431840.8533,8,
251270,0.06217553,805758.8599,8,
316450,0.049562724,915892.5155,8,
396820,0.015477354,102434.8006,8,
396820,0.024402857,300328.7338,8,
125950,0.015486929,11977.84687,9,
125950,0.031175007,58335.22646,9,
125950,0.062045115,311986.8118,9,
125950,0.123350018,2098813.749,9,
158710,0.048112118,339840.3648,9,
158710,0.059925047,620009.035,9,
199180,0.024304515,123056.6888,9,
199190,0.060945772,1297018.512,9,
251270,0.048543534,1479387.662,9,
316450,0.01542598,156964.4415,9,
63070,0.156011397,169660.2877,1,7
79470,0.031599544,5493.477381,1,7
79480,0.039492071,9156.788451,1,7
79480,0.124529034,160352.2712,1,7
99990,0.02512467,5604.231036,1,7
99990,0.049729738,28184.59864,1,7
125940,0.039553797,29731.61974,1,7
125940,0.078879095,160569.2618,1,7
158720,0.019954913,11079.08186,1,7
158720,0.025046847,19169.04712,1,7
158720,0.039825288,55741.86896,1,7
158720,0.049724245,97163.75477,1,7
158720,0.062795905,167157.1564,1,7
199190,0.010068972,4640.59974,1,7
199190,0.039300847,104867.4838,1,7
251270,0.015798309,23521.89091,1,7
251270,0.039495659,199351.9867,1,7
316440,0.031216155,223195.8933,1,7
396810,0.015923853,85395.50083,1,7
50170,0.048979196,4699.532514,2,6
50170,0.062351916,8388.344565,2,6
50170,0.311645913,574853.4896,2,6
63110,0.078259943,24262.54745,2,6
63110,0.1567703,144445.0072,2,6
79470,0.04953739,12571.58267,2,6
79470,0.124735001,129392.7014,2,6
99980,0.039431566,12440.28022,2,6
99980,0.079049149,67795.37357,2,6
99980,0.157336535,396659.5294,2,6
99980,0.245713992,1404829.543,2,6
125930,0.031448352,12918.8302,2,6
125940,0.039420528,21935.85955,2,6
125940,0.078747862,118702.9218,2,6
125940,0.098923849,211723.2237,2,6
125940,0.157232569,717836.5762,2,6
158720,0.015665701,4990.620123,2,6
158720,0.025031585,13870.2089,2,6
158720,0.03144176,23527.89849,2,6
158720,0.062732493,122851.5524,2,6
158720,0.099298707,390872.3433,2,6
199190,0.031327824,42981.30338,2,6
199190,0.049893347,131278.5796,2,6
199190,0.123577781,1464726.389,2,6
199200,0.156540778,3036444.181,2,6
251270,0.009946578,6249.770581,2,6
251270,0.079136928,837445.1106,2,6
316450,0.010088348,11837.86295,2,6
316450,0.012646485,19524.03791,2,6
316450,0.015895903,31963.22315,2,6
396820,0.010053083,22197.74624,2,6
396820,0.012593044,36003.55295,2,6
396820,0.019853622,103647.7636,2,6
396820,0.031379506,306449.7178,2,6
50120,0.048768093,4560.337669,3,5
50120,0.124697599,49992.02686,3,5
63130,0.038790282,4231.371725,3,5
63130,0.062586979,13559.3116,3,5
63130,0.248468887,477519.7012,3,5
79470,0.03074513,3890.998783,3,5
79470,0.078727875,37109.12746,3,5
79470,0.099213736,67534.56363,3,5
79470,0.24855546,759109.369,3,5
79470,0.313101086,1411064.202,3,5
99970,0.062733801,34554.02675,3,5
99970,0.098947833,110531.6635,3,5
99970,0.156987827,366255.8763,3,5
99970,0.249326421,1297675.396,3,5
125950,0.156996293,644002.9206,3,5
125950,0.247240895,2420329.336,3,5
158720,0.020009406,7602.155983,3,5
158720,0.025060789,12611.77207,3,5
158720,0.039718708,36083.16701,3,5
158720,0.15768732,1231622.718,3,5
158720,0.196899063,2454076.538,3,5
199190,0.039624912,66212.72087,3,5
199190,0.078839434,356938.1763,3,5
199190,0.156273095,2549474.909,3,5
251260,0.012680391,9369.866377,3,5
316450,0.019979647,46911.70742,3,5
316450,0.025008545,80032.81591,3,5
316450,0.062449949,783586.1044,3,5
396820,0.012607796,31784.82339,3,5
396820,0.039750477,476414.6085,3,5
63150,0.158325643,150430.3992,4,4
63150,0.199481754,278826.5198,4,4
79460,0.031243625,4185.461184,4,4
79460,0.199738571,438998.9501,4,4
79460,0.317507997,1518759.379,4,4
99970,0.040069104,12305.10825,4,4
99970,0.079690892,65510.56469,4,4
125960,0.019796945,4189.391205,4,4
125970,0.025525514,7391.539655,4,4
125960,0.05046726,36651.71763,4,4
158720,0.01576777,4531.498087,4,4
158720,0.031725542,21857.82778,4,4
158720,0.050533213,65675.26215,4,4
199190,0.01617849,8635.324184,4,4
199190,0.020214144,14225.90114,4,4
199190,0.031911989,40401.58418,4,4
199190,0.063390628,210889.7648,4,4
199190,0.100406431,689345.0901,4,4
199190,0.126701577,1335689.039,4,4
251240,0.012966359,9764.251576,4,4
251250,0.020202458,26053.66846,4,4
251250,0.032230109,75494.02218,4,4
251240,0.050762694,228048.0511,4,4
251250,0.080342656,746657.6033,4,4
316460,0.015925437,28799.39949,4,4
316460,0.020187379,47894.17226,4,4
316460,0.039974409,248953.7474,4,4
396820,0.010190963,19977.75687,4,4
396820,0.025224458,158299.8975,4,4
396820,0.039909481,488152.1339,4,4
396820,0.063312373,1775279.223,4,4
50020,0.197497468,168461.051,5,3
63150,0.03872194,4150.487479,5,3
63150,0.078085404,22887.00388,5,3
63150,0.09908358,41996.26854,5,3
63150,0.197778995,256204.0305,5,3
63150,0.313780649,865475.5311,5,3
79450,0.125068934,121004.1926,5,3
79450,0.249583719,757874.7792,5,3
99960,0.024526303,3799.998267,5,3
99960,0.039669853,11687.72122,5,3
99960,0.157011439,366118.8369,5,3
125970,0.025126351,7071.839182,5,3
158720,0.015507802,4303.360557,5,3
158720,0.04980511,62854.10878,5,3
158720,0.157762464,1229334.62,5,3
199190,0.015959143,8357.72611,5,3
199190,0.125838366,1277191.609,5,3
251240,0.009901108,5383.069475,5,3
251250,0.031668771,72731.88604,5,3
251250,0.039868816,124932.808,5,3
251250,0.079608619,718491.7682,5,3
251240,0.100212839,1375912.574,5,3
251240,0.124947384,2837299.531,5,3
316460,0.010047206,10627.0594,5,3
316460,0.015721887,27942.08502,5,3
316460,0.04959154,422607.2564,5,3
316460,0.06267168,787968.8748,5,3
316460,0.078891135,1513760.023,5,3
316460,0.098257615,3175192.497,5,3
396820,0.020022172,90517.2921,5,3
50100,0.048724494,4818.329984,6,2
50100,0.098367495,27219.0372,6,2
50100,0.123619637,50587.20596,6,2
50090,0.246761391,317699.5268,6,2
63140,0.123694761,79356.19756,6,2
63140,0.195410628,265721.7864,6,2
63140,0.247146682,490813.6066,6,2
79450,0.03069331,4242.258634,6,2
79440,0.09843417,70876.87514,6,2
99950,0.039229865,12460.36904,6,2
99950,0.049319221,21440.80829,6,2
99950,0.061942929,37780.2785,6,2
99950,0.156359338,396371.2882,6,2
125960,0.024705564,7705.053742,6,2
125960,0.039102171,22080.10848,6,2
125960,0.078393712,119160.05,6,2
125960,0.245768986,2775225.062,6,2
158720,0.024774731,13960.10594,6,2
158710,0.039081825,40770.4966,6,2
199190,0.024835404,25739.60536,6,2
199190,0.03931387,75344.92696,6,2
199190,0.098978716,775925.858,6,2
251250,0.009819159,6285.918079,6,2
251250,0.012502449,10357.91256,6,2
251250,0.015756682,17282.24777,6,2
251250,0.039532027,145488.2816,6,2
251250,0.078675371,840852.4557,6,2
316460,0.015784967,32105.26658,6,2
316460,0.039256507,275973.8477,6,2
316460,0.062497859,926095.4531,6,2
396820,0.009925258,22226.9456,6,2
396820,0.01244975,35614.36905,6,2
396820,0.019662088,103786.1513,6,2
396820,0.049315713,1038351.727,6,2
50140,0.038687484,3278.989961,7,1
50150,0.049018974,5513.013498,7,1
50150,0.077175163,17634.28032,7,1
50150,0.245967049,363808.1089,7,1
63130,0.030822426,3311.383292,7,1
63130,0.039007723,5594.946968,7,1
63120,0.061645652,17161.45019,7,1
63130,0.122176634,95736.78882,7,1
63130,0.155210843,172844.4284,7,1
63130,0.195629541,321573.2729,7,1
63130,0.305373038,1093209.872,7,1
79440,0.077816188,49535.09078,7,1
79440,0.097127138,88354.25563,7,1
79440,0.123285096,160325.9836,7,1
125940,0.049210239,52527.48033,7,1
125940,0.061380479,91549.92954,7,1
158710,0.012218783,4146.710451,7,1
158710,0.030770955,32196.68061,7,1
158710,0.120606048,1023155.9,7,1
199180,0.030975543,61405.70841,7,1
251260,0.015525506,23858.35699,7,1
251260,0.060900407,642677.5676,7,1
251260,0.097405862,2424723.307,7,1
316460,0.012266085,26845.38187,7,1
396820,0.01240598,50508.62229,7,1
396820,0.024696147,253125.167,7,1
63110,0.077645017,24705.95367,1,5
63110,0.154261351,142947.703,1,5
63110,0.306302062,907332.2681,1,5
79500,0.031121016,4608.722322,1,5
79510,0.061595708,23124.27678,1,5
79510,0.122568306,130771.2476,1,5
79500,0.243625189,818274.1506,1,5
100010,0.01934028,2721.89849,1,5
100010,0.024802099,4591.99272,1,5
100010,0.039366364,13385.43447,1,5
100010,0.12404201,225342.7155,1,5
125930,0.025123019,8458.495289,1,5
125920,0.077659355,126043.5939,1,5
158730,0.015699379,5386.210827,1,5
158730,0.039480239,44065.74576,1,5
158730,0.049929125,76974.79716,1,5
158730,0.06182104,132891.8634,1,5
199210,0.009755025,3542.135031,1,5
199210,0.019823981,16601.87939,1,5
199210,0.031395384,47634.34318,1,5
199210,0.049043628,138880.7296,1,5
251270,0.019617301,30857.77593,1,5
251260,0.031454103,91366.81707,1,5
316450,0.019849711,59613.66969,1,5
316450,0.039316572,304457.7417,1,5
316450,0.07764275,1990963.698,1,5
396820,0.015878494,67228.74687,1,5
396820,0.020023399,115545.0891,1,5
396810,0.031428405,341370.1931,1,5
50140,0.310647107,628696.5513,2,4
63120,0.038762148,5069.79407,2,4
63120,0.098217592,48448.03502,2,4
79490,0.196636336,487572.0728,2,4
79490,0.247579198,899647.6491,2,4
100000,0.024468095,4776.810545,2,4
100000,0.030932329,8170.730512,2,4
100000,0.039369539,14248.33853,2,4
100000,0.062112871,42722.07076,2,4
100000,0.098588936,135511.6124,2,4
100000,0.245763299,1598911.259,2,4
125940,0.031326771,14770.46996,2,4
125940,0.039395858,25049.58808,2,4
125940,0.061954633,75328.83377,2,4
125940,0.078319877,134070.2482,2,4
125940,0.098385541,242047.3427,2,4
125940,0.124190191,439356.2904,2,4
158730,0.039234939,45315.66609,2,4
158730,0.155194331,1621629.501,2,4
199200,0.012350559,6125.432753,2,4
199200,0.039215619,84738.1429,2,4
199200,0.098924698,873239.4283,2,4
251260,0.009883023,6985.574849,2,4
251260,0.015857829,19525.51499,2,4
251260,0.049687634,284682.75,2,4
251260,0.098416641,1912798.522,2,4
316450,0.024827303,104821.7513,2,4
316450,0.031411095,178119.8204,2,4
316450,0.039330038,316223.5754,2,4
396820,0.019645411,117717.6705,2,4
396820,0.039219021,648903.6795,2,4
50070,0.050363583,6716.548695,3,3
50070,0.063581215,12153.66594,3,3
50070,0.15920212,129886.9144,3,3
63140,0.050621441,11419.41705,3,3
63140,0.079301316,34437.90908,3,3
63140,0.100057755,61995.39078,3,3
63140,0.200611535,375798.9164,3,3
79480,0.079644913,56022.39963,3,3
79480,0.100851537,101581.1462,3,3
79480,0.126049091,182600.489,3,3
99980,0.080153014,96067.08395,3,3
125940,0.031899693,18232.04879,3,3
125940,0.050476172,53698.36752,3,3
125950,0.100787285,308597.3337,3,3
125950,0.126958203,563843.5435,3,3
158730,0.101096113,571678.107,3,3
199200,0.010006653,4466.988225,3,3
199200,0.012801128,7608.553025,3,3
199200,0.100394727,1128160.553,3,3
199200,0.126608211,2289827.409,3,3
251250,0.016203195,23508.63291,3,3
251250,0.020322245,38631.00202,3,3
251250,0.032208201,116185.261,3,3
251250,0.101217817,2546703.691,3,3
316450,0.015947103,43096.51699,3,3
316450,0.020122668,74305.14897,3,3
316450,0.03988426,392128.023,3,3
316450,0.062963127,1379931.523,3,3
50070,0.078792962,16577.38249,4,2
50070,0.248440141,345735.1853,4,2
63150,0.030996725,2969.602465,4,2
63150,0.313904925,991356.7062,4,2
79460,0.062892255,24918.11114,4,2
79470,0.099326523,79619.95665,4,2
99970,0.024609974,4791.581047,4,2
125960,0.015646504,3091.778811,4,2
125960,0.019583123,5158.140845,4,2
125960,0.031529385,14750.69055,4,2
125960,0.039723599,25119.28869,4,2
125960,0.099021574,243129.6763,4,2
125960,0.125181649,439820.1741,4,2
158720,0.015596363,5589.550577,4,2
158720,0.025097157,15943.88943,4,2
158720,0.196660446,3666709.643,4,2
199190,0.012403578,6213.006911,4,2
199190,0.025225389,29535.5485,4,2
199190,0.049948756,149523.6689,4,2
251250,0.009923665,7044.915633,4,2
251250,0.012533325,11509.71178,4,2
251250,0.015933874,19586.38941,4,2
251240,0.020171242,32152.49758,4,2
251250,0.049875746,284413.6399,4,2
251250,0.124549298,4071899.542,4,2
316460,0.012678705,22373.35777,4,2
316450,0.015995555,36480.41279,4,2
316450,0.019801657,61619.74995,4,2
316460,0.031565392,178816.3109,4,2
316460,0.062847402,1084014.524,4,2
316460,0.098364184,4601105.638,4,2
396830,0.031175348,354129.5304,4,2
396820,0.049636929,1217009.601,4,2
396820,0.077547905,5273340.901,4,2
63150,0.030210408,2758.634113,5,1
63150,0.123621795,80939.31502,5,1
63150,0.196465795,272126.1936,5,1
79450,0.0308876,4590.194038,5,1
79450,0.039386094,7996.089993,5,1
99950,0.031355806,8023.828905,5,1
99950,0.039244187,13369.56963,5,1
125960,0.098783978,229522.2823,5,1
158720,0.030853735,25495.1103,5,1
158720,0.098455677,427411.9046,5,1
158720,0.154410901,1522079.17,5,1
199190,0.015822808,10254.19443,5,1
199190,0.031119461,48080.4435,5,1
199190,0.049107254,140267.7663,5,1
251240,0.009882251,6852.917325,5,1
251240,0.012578581,11567.92209,5,1
251240,0.024706406,53220.08891,5,1
251240,0.038952578,153957.6746,5,1
251250,0.07704165,912419.3609,5,1
251240,0.097577058,1791029.752,5,1
316460,0.012490013,20837.92126,5,1
316460,0.024711434,102677.5487,5,1
316460,0.039195059,307744.0246,5,1
396830,0.012406729,39584.60758,5,1
396820,0.024643649,193419.9039,5,1
396820,0.031263136,347153.1808,5,1
396820,0.039320875,615528.2772,5,1
396820,0.048618186,1155774.74,5,1
50130,0.03112125,2176.1725,1,3
50140,0.039127124,3795.987111,1,3
50140,0.122954424,63811.73198,1,3
63140,0.038640464,6203.121267,1,3
63140,0.077698793,33177.5372,1,3
63150,0.098092708,58262.21076,1,3
79510,0.024793988,3785.596545,1,3
79520,0.049571951,18076.01015,1,3
79520,0.077942589,55780.70922,1,3
79520,0.098052216,98902.73308,1,3
79520,0.155151415,325338.7809,1,3
100020,0.039438283,18795.44374,1,3
100020,0.049045334,32179.43938,1,3
100020,0.061948771,55968.92913,1,3
100020,0.1560235,589176.5756,1,3
100020,0.194026386,1100647.425,1,3
125930,0.124078699,594041.6586,1,3
158740,0.009876564,2819.574399,1,3
158740,0.019719351,13050.31423,1,3
158740,0.030949649,36971.41504,1,3
158740,0.039154393,63539.43944,1,3
158740,0.049296281,110219.9174,1,3
158740,0.061494172,190065.882,1,3
158740,0.098321727,625053.7994,1,3
199210,0.015774632,14534.74542,1,3
199210,0.031175473,68970.69045,1,3
199210,0.048964689,204819.449,1,3
251260,0.009833573,9522.839255,1,3
251260,0.019686807,44939.03077,1,3
251260,0.031327361,129493.4978,1,3
251260,0.049398414,412654.5321,1,3
316450,0.012535551,30282.06225,1,3
316450,0.01551411,50919.31746,1,3
316450,0.019604219,86881.03909,1,3
396820,0.01581261,99082.62553,1,3
396820,0.024814277,291008.4602,1,3
396820,0.049046536,1850076.042,1,3
50090,0.032259214,3679.121556,2,2
50090,0.064296242,19027.94632,2,2
50090,0.254939166,660043.7855,2,2
79490,0.02036295,3738.152172,2,2
79490,0.063916292,54962.45819,2,2
79490,0.201602251,1077463.625,2,2
99990,0.012944491,2405.853117,2,2
99990,0.040342229,31859.80674,2,2
99990,0.050769967,55321.56829,2,2
99990,0.063922492,97195.02756,2,2
99990,0.160244751,1071597.175,2,2
125940,0.010238871,2599.382843,2,2
125940,0.012854503,4268.024357,2,2
125940,0.020329171,11707.49565,2,2
125940,0.025570801,19969.10797,2,2
125940,0.050480164,100441.5085,2,2
158730,0.012876286,7640.612733,2,2
158730,0.050797648,185053.1842,2,2
158730,0.080584882,611792.6304,2,2
158730,0.101054101,1177496.372,2,2
199200,0.080187768,1280525.458,2,2
251260,0.013003458,26163.25837,2,2
251260,0.025583612,132381.7323,2,2
251260,0.040507358,407581.9655,2,2
316450,0.013066923,50836.27192,2,2
316450,0.025789346,257327.96,2,2
316450,0.032391466,460884.5682,2,2
396820,0.015984208,161859.9434,2,2
396820,0.031832018,941584.7611,2,2
50110,0.03946883,3883.40861,3,1
50110,0.098909991,35829.34276,3,1
50110,0.158138453,117186.5398,3,1
50110,0.196848887,214407.2322,3,1
63150,0.024862474,2203.207105,3,1
63150,0.050131461,11247.83799,3,1
63150,0.078595875,33446.73005,3,1
63150,0.125631388,106754.0564,3,1
79460,0.02494565,3767.483871,3,1
79460,0.031092971,6126.88012,3,1
79460,0.039866532,10846.82615,3,1
79470,0.078933015,56412.75146,3,1
79470,0.099844173,100560.1448,3,1
99970,0.015750217,2335.251069,3,1
99970,0.019836848,3982.497041,3,1
99970,0.024733827,6331.409152,3,1
99970,0.03166749,11220.61796,3,1
99970,0.039678128,18853.80023,3,1
99970,0.049651659,32300.91753,3,1
99970,0.062672262,56579.86093,3,1
99970,0.12565565,321703.9059,3,1
125940,0.039506228,34439.50441,3,1
125940,0.063047231,104106.3403,3,1
125940,0.078589159,180805.6686,3,1
158720,0.009989373,2837.951785,3,1
158730,0.015685609,7609.124913,3,1
158720,0.050092495,110678.2545,3,1
158720,0.123682992,1186338.5,3,1
199190,0.012468844,8473.132673,3,1
199200,0.024905414,40564.21291,3,1
199190,0.039739543,116580.1029,3,1
199190,0.098139017,1298056.596,3,1
251260,0.01277329,16569.98783,3,1
251260,0.031664845,130598.4155,3,1
251260,0.050125832,417798.5212,3,1
251260,0.063181004,758294.7656,3,1
316460,0.010058918,18742.10803,3,1
316450,0.061421419,1623171.02,3,1
396820,0.01589852,99863.89865,3,1
50110,0.025936391,5333.255343,1,1
50110,0.032530716,9102.701636,1,1
50100,0.102595499,148925.9987,1,1
63130,0.025692687,9623.415776,1,1
63130,0.050968059,48649.61121,1,1
79500,0.010325077,2238.503787,1,1
79500,0.01637989,6134.368867,1,1
79500,0.040592887,50934.38289,1,1
79500,0.064535564,156142.4605,1,1
100000,0.013043144,6737.225963,1,1
100000,0.016341391,10875.53895,1,1
100000,0.025761718,32148.69155,1,1
100000,0.032276192,55513.47295,1,1
100000,0.051295938,167668.0884,1,1
100000,0.064555855,297452.8242,1,1
100000,0.080978477,549171.7293,1,1
125940,0.016402886,20677.99538,1,1
125940,0.025820644,61679.58665,1,1
125940,0.051589145,327487.2902,1,1
158730,0.013046372,23249.18525,1,1
158740,0.01642722,39883.41551,1,1
158730,0.03260633,203771.8891,1,1
158730,0.041060428,362603.4782,1,1
199210,0.012894926,44902.43209,1,1
199210,0.032108807,403925.6129,1,1
199210,0.040331182,742660.6933,1,1
251260,0.012898144,84512.87097,1,1
316450,0.02043615,519268.7769,1,1
396820,0.010494655,186922.3489,1,1
